Temnospondyli,Rhachitomi,Stereospondylomorpha,Stereospondyli,Clade 4,Superfamily,Clade 5,Family,Subfamily,Lowest clade,Genus,Species,Taxon,Author,Year,Authority,Type_repository,Type_number,Type_specimen,Type_type,Repository_country,Type_country,Status,Notes
Temnospondyli,Rhachitomi,N,N,N/A,Dissorophoidea,Amphibamiformes,N/A,N/A,Amphibamiformes,"""Broiliellus""",hektotopos,"""Broiliellus"" hektotopos","Berman, Berman",1975,"Berman, Berman (1975)",CM,8542,CM 8539,Holotype,USA,USA,Disputed (genus),improper genus placement is widely accepted; species validity is unclear without revision
Temnospondyli,Rhachitomi,Stereospondylomorpha,Stereospondyli,N/A,N/A,N/A,N/A,N/A,Stereospondyli,Abiadisaurus,witteni,Abiadisaurus witteni,"Warren, Yates, Damiani, Goodwin, Wood, Schaff",1998,"Warren, Yates, Damiani, Goodwin, Wood, Schaff (1998)",UCMP,154459,UCMP 154459,Holotype,USA,Ethiopia,Valid,
Temnospondyli,Rhachitomi,N,N,N/A,N/A,N/A,Zatracheidae,N/A,Zatracheidae,Acanthostomatops,vorax,Acanthostomatops vorax,Credner,1883,Credner (1883),LFUG-SS,13556 + 13214,LFUG-SS 13556 + 13214,Lectotype,Germany,Germany,Valid,
Temnospondyli,Rhachitomi,Stereospondylomorpha,Stereospondyli,N/A,N/A,N/A,Rhytidosteidae,N/A,Rhytidosteidae,Acerastea,wadeae,Acerastea wadeae,"Warren, Hutchinson",1987,"Warren, Hutchinson (1987)",QM,F12277,QM F12277,Holotype,Australia,Australia,Valid,
Temnospondyli,N/A,N/A,N/A,N/A,N/A,N/A,N/A,N/A,N/A,Acheloma,casei,Acheloma casei,Broili,1913,Broili (1913),BSP,?,BSP ?,Holotype,Germany,USA,Junior synonym,formerly at BSP (destroyed)
Temnospondyli,Rhachitomi,N,N,N/A,Dissorophoidea,Olsoniformes,Trematopidae,N/A,Trematopidae,Acheloma,cumminsi,Acheloma cumminsi,Cope,1882,Cope (1882),AMNH,FARB 4205,AMNH FARB 4189,Holotype,USA,USA,Valid,
Temnospondyli,N/A,N/A,N/A,N/A,N/A,N/A,N/A,N/A,N/A,Acheloma,dunni,Acheloma dunni,"Polley, Reisz",2011,"Polley, Reisz (2011)",OMNH,73281,OMNH 73281,Holotype,USA,USA,Disputed,"considered to be junior synonym of A. cumminsi by Gee (2020), challenged by Osterling Arias et al. (2024)"
Temnospondyli,Rhachitomi,N,N,N/A,Dissorophoidea,Olsoniformes,Trematopidae,N/A,Trematopidae,Acheloma,cryptatheria,Acheloma cryptatheria,"Osterling Arias, Mooney, Bevitt, Reisz",2024,"Osterling Arias, Mooney, Bevitt, Reisz (2024)",ROM,VP 88291,ROM VP 88291,Holotype,USA,USA,Valid,
Temnospondyli,Rhachitomi,N,N,Dvinosauria,Dvinosauroidea,N/A,Eobrachyopoidae,N/A,Eobrachyopoidae,Acroplous,vorax,Acroplous vorax,Hotton,1959,Hotton (1959),KUVP,9822,KUVP 9822,Holotype,USA,USA,Valid,
Temnospondyli,N/A,N/A,N/A,N/A,N/A,N/A,N/A,N/A,N/A,Actinodon,brevis,Actinodon brevis,Gaudry,1866,Gaudry (1866),MNHN,Aut 469,MNHN Aut 469,Holotype,France,France,Junior synonym,
Temnospondyli,Rhachitomi,N,N,Eryopiformes,Eryopoidea,N/A,Eryopidae,N/A,Eryopidae,Actinodon,frossardi,Actinodon frossardi,Gaudry,1866,Gaudry (1866),MNHN,1908.20.6,MNHN 1908.20.6,Holotype,France,France,Valid,
Temnospondyli,N/A,N/A,N/A,N/A,N/A,N/A,N/A,N/A,N/A,Actinodon,germanicus,Actinodon germanicus,Kuhn,1939b,Kuhn (1939b),GMH,?,GMH V2051,Holotype,Germany,Czech Republic,Junior synonym,
Temnospondyli,N/A,N/A,N/A,N/A,N/A,N/A,N/A,N/A,N/A,Actinonodon,latirostris,Actinonodon latirostris,Romer,1939,Romer (1939),n/a,n/a,n/a,n/a,n/a,n/a,Outdated combination,
Temnospondyli,Rhachitomi,N,N,N/A,Dissorophoidea,Olsoniformes,Trematopidae,N/A,Trematopidae,Actiobates,peabodyi,Actiobates peabodyi,Eaton,1973,Eaton (1973),KUVP,17941,KUVP 17941,Holotype,USA,USA,Valid,
Temnospondyli,N,N,N,N/A,Edopoidea,N/A,Cochleosauridae,N/A,Cochleosauridae,Adamanterpeton,ohioensis,Adamanterpeton ohioensis,"Milner, Sequeira",1998,"Milner, Sequeira (1998)",AMNH,FARB 2933,AMNH FARB 2566,Holotype,USA,USA,Valid,
Temnospondyli,Rhachitomi,N,N,N/A,Dissorophoidea,Olsoniformes,Dissorophidae,Aspidosaurinae,Dissorophidae,Alegeinosaurus,aphthitos,Alegeinosaurus aphthitos,Case,1911,Case (1911),AMNH,FARB 4756,AMNH FARB 4719,Holotype,USA,USA,Nomen dubium,
Temnospondyli,Rhachitomi,Stereospondylomorpha,Stereospondyli,Trematosauria,Trematosauroidea,N/A,Almasauridae,N/A,Almasauridae,Almasaurus,habbazi,Almasaurus habbazi,Dutuit,1976,Dutuit (1976),MNHN,F.ALM 42,MNHN.F.ALM 42,Lectotype,France,Morocco,Valid,lectotype designation by Khaldoune et al. (2016)
Temnospondyli,Rhachitomi,N,N,N/A,Dissorophoidea,Amphibamiformes,Amphibamidae,N/A,Amphibamidae,Amphibamus,grandiceps,Amphibamus grandiceps,Cope,1865,Cope (1865),YPM,VP 000794,YPM VP 000794,Neotype,USA,USA,Valid,
Temnospondyli,Rhachitomi,N,N,N/A,Dissorophoidea,Olsoniformes,Dissorophidae,Cacopinae,Dissorophidae,Anakamacops,petrolicus,Anakamacops petrolicus,"Li, Cheng",1999,"Li, Cheng (1999)",IGCAGS,V 365,IGCAGS V 365,Holotype,China,China,Valid,
Temnospondyli,N/A,N/A,N/A,N/A,N/A,N/A,N/A,N/A,N/A,Anaschisma,brachygnatha,Anaschisma brachygnatha,Branson,1905,Branson (1905),FMNH,UC 448,FMNH UC 447,Holotype,USA,USA,Junior synonym,
Temnospondyli,Rhachitomi,Stereospondylomorpha,Stereospondyli,Trematosauria,Trematosauroidea,N/A,Metoposauridae,N/A,Metoposauridae,Anaschisma,browni,Anaschisma browni,Branson,1905,Branson (1905),FMNH,UC 447,FMNH UC 2000,Holotype,USA,USA,Valid,
Temnospondyli,Rhachitomi,N,N,N/A,Dissorophoidea,Olsoniformes,Trematopidae,N/A,Trematopidae,Anconastes,vesperus,Anconastes vesperus,"Berman, Eberth, Reisz",1987,"Berman, Eberth, Reisz (1987)",CM,28590,CM 25474,Holotype,USA,USA,Valid,
Temnospondyli,Rhachitomi,Stereospondylomorpha,Stereospondyli,Trematosauria,Trematosauroidea,N/A,N/A,N/A,Trematosauroidea,Angusaurus,dentatus,Angusaurus dentatus,Getmanov,1989,Getmanov (1989),PIN,4196/1,PIN 4196/1,Holotype,Russia,Russia,Valid,
Temnospondyli,Rhachitomi,Stereospondylomorpha,Stereospondyli,Trematosauria,Trematosauroidea,N/A,N/A,N/A,Trematosauroidea,Angusaurus,succedaneus,Angusaurus succedaneus,Getmanov,1989,Getmanov (1989),PIN,2428/1,PIN 2428/1,Holotype,Russia,Russia,Valid,
Temnospondyli,Rhachitomi,Stereospondylomorpha,Stereospondyli,Trematosauria,Trematosauroidea,N/A,N/A,N/A,Trematosauroidea,Angusaurus,tsylmensis,Angusaurus tsylmensis,Novikov,1990,Novikov (1990),PIN,4333/6,PIN 4333/6,Holotype,Russia,Russia,Valid,
Temnospondyli,Rhachitomi,Stereospondylomorpha,Stereospondyli,Trematosauria,Trematosauroidea,N/A,N/A,N/A,Trematosauroidea,Angusaurus,weidenbaumi,Angusaurus weidenbaumi,Kuz'min,1935,Kuz'min (1935),PIN,155/10,PIN 155/10,Holotype,Russia,Russia,Valid,
Temnospondyli,N/A,N/A,N/A,N/A,N/A,N/A,N/A,N/A,N/A,Anisodexis,imbricarius,Anisodexis imbricarius,Cope,1882,Cope (1882),AMNH,FARB 4556,AMNH FARB 4376,Holotype,USA,USA,Junior synonym,
Temnospondyli,Rhachitomi,Stereospondylomorpha,Stereospondyli,Capitosauria,Capitosauroidea,N/A,N/A,N/A,Capitosauroidea,Antarctosuchus,polyodon,Antarctosuchus polyodon,"Sidor, Steyer, Hammer",2014,"Sidor, Steyer, Hammer (2014)",AMNH,FARB 24411,AMNH FARB 2002,Holotype,USA,Antarctica,Valid,
Temnospondyli,Rhachitomi,N,N,N/A,Dissorophoidea,Amphibamiformes,N/A,N/A,Amphibamiformes,Anthracobamus,fayoli,Anthracobamus fayoli,Thevenin,1906,Thevenin (1906),MNHNP – COM,206,MNHNP – COM 206,Lectotype,France,France,Valid,
Temnospondyli,Rhachitomi,N,N,N/A,Dissorophoidea,Amphibamiformes,N/A,N/A,Amphibamiformes,Anthracobamus,fritschi,Anthracobamus fritschi,Werneburg,2012,Werneburg (2012),NHMW,1983/32/27,NHMW-1983/32/27,Holotype,Czech Republic,Czech Republic,Valid,
Temnospondyli,Rhachitomi,Stereospondylomorpha,Stereospondyli,Trematosauria,Trematosauroidea,N/A,Metoposauridae,N/A,Metoposauridae,Apachesaurus,gregorii,Apachesaurus gregorii,Hunt,1993,Hunt (1993),UCMP,63845,UCMP 63845,Holotype,USA,USA,Valid,
Temnospondyli,Rhachitomi,N,N,N/A,Dissorophoidea,Amphibamiformes,Branchiosauridae,Apateoninae,Branchiosauridae,Apateon,caducus,Apateon caducus,Ammon,1889,Ammon (1889),BSP,1929 XI 120,BSP ?,Holotype,Germany,Germany,Valid,
Temnospondyli,Rhachitomi,N,N,N/A,Dissorophoidea,Amphibamiformes,Branchiosauridae,Apateoninae,Branchiosauridae,Apateon,dracyiensis,Apateon dracyiensis,Boy,1972,Boy (1972),MA,425,MA 425,Holotype,France,France,Valid,
Temnospondyli,Rhachitomi,N,N,N/A,Dissorophoidea,Amphibamiformes,Branchiosauridae,Apateoninae,Branchiosauridae,Apateon,flagrifer,Apateon flagrifer,Whittard,1930,Whittard (1930),CAMZM,T.22,CAMZM T.19,Holotype,UK,Germany,Valid,
Temnospondyli,N/A,N/A,N/A,N/A,N/A,N/A,N/A,N/A,N/A,Apateon,gracilis,Apateon gracilis,Credner,1881,Credner (1881),n/a,n/a,n/a,n/a,n/a,n/a,Outdated combination,
Temnospondyli,Rhachitomi,N,N,N/A,Dissorophoidea,Amphibamiformes,Branchiosauridae,Apateoninae,Branchiosauridae,Apateon,intermedius,Apateon intermedius,Werneburg,1996,Werneburg (1996),NHMS,WP656,NHMS WP656,Holotype,Germany,Germany,Disputed (genus),genus-level assignment is uncertain; see Schoch & Milner (2014)
Temnospondyli,Rhachitomi,N,N,N/A,Dissorophoidea,Amphibamiformes,Branchiosauridae,Apateoninae,Branchiosauridae,Apateon,kontheri,Apateon kontheri,Werneburg,1988b,Werneburg (1988b),FG,321/9/1,FG 321/8/198,Holotype,Germany,Germany,Valid,part and counterpart with HLD V.70
Temnospondyli,Rhachitomi,N,N,N/A,Dissorophoidea,Amphibamiformes,Branchiosauridae,Apateoninae,Branchiosauridae,Apateon,pedestris,Apateon pedestris,von Meyer,1844,von Meyer (1844),PIM,N 919,PIM-N 919,Neotype,Germany,Germany,Valid,
Temnospondyli,Rhachitomi,N,N,N/A,Dissorophoidea,Amphibamiformes,Branchiosauridae,Apateoninae,Branchiosauridae,Apateon,umbrosus,Apateon umbrosus,Frič,1879,Frič (1879),NMP,360,NMP 360,Lectotype,Czech Republic,Czech Republic,Valid,
Temnospondyli,Rhachitomi,Stereospondylomorpha,Stereospondyli,Trematosauria,Trematosauroidea,N/A,Trematosauridae,Lonchorhynchinae,Trematosauridae,Aphaneramma,gavialimimus,Aphaneramma gavialimimus,"Fortuny, Gastou, Escuillé, Ranivoharimana, Steyer",2017,"Fortuny, Gastou, Escuillé, Ranivoharimana, Steyer (2017)",UA,Amb007,UA-Amb007,Holotype,Madagascar,Madagascar,Valid,
Temnospondyli,Rhachitomi,Stereospondylomorpha,Stereospondyli,Trematosauria,Trematosauroidea,N/A,Trematosauridae,Lonchorhynchinae,Trematosauridae,Aphaneramma,kannemeyeri,Aphaneramma kannemeyeri,Broom,1909,Broom (1909),SAM-PK,1329,SAM-PK-1329,Holotype,South Africa,South Africa,Nomen dubium,
Temnospondyli,Rhachitomi,Stereospondylomorpha,Stereospondyli,Trematosauria,Trematosauroidea,N/A,Trematosauridae,Lonchorhynchinae,Trematosauridae,Aphaneramma,kokeni,Aphaneramma kokeni,von Huene,1920,von Huene (1920),GPIT,?,GPIT ?,Holotype,Germany,Pakistan,Valid,
Temnospondyli,Rhachitomi,Stereospondylomorpha,Stereospondyli,Trematosauria,Trematosauroidea,N/A,Trematosauridae,Lonchorhynchinae,Trematosauridae,Aphaneramma,rostratum,Aphaneramma rostratum,Woodward,1904,Woodward (1904),NHMUK,R.3180,NHMUK R.3180,Holotype,UK,Greenland,Valid,
Temnospondyli,Rhachitomi,Stereospondylomorpha,Stereospondyli,Capitosauria,Capitosauroidea,N/A,N/A,N/A,Capitosauroidea,Aquiloniferus,kochi,Aquiloniferus kochi,Säve-Söderbergh,1935,Säve-Söderbergh (1935),MGUH,At.1,MGUH At.1,Holotype,Denmark,Greenland,"Disputed (genus, species)",not current collection number; there is considerable debate in the literature over whether this is a lydekkerinid (historically placed in Luzocephalus) or a capitosaur (Aquiloniferus)
Temnospondyli,Rhachitomi,Stereospondylomorpha,Stereospondyli,N/A,N/A,N/A,N/A,N/A,Stereospondyli,Arachana,nigra,Arachana nigra,"Piñeiro, Ramos, Marsicano",2012,"Piñeiro, Ramos, Marsicano (2012)",FC-DPV,1369,FC-DPV 56658,Holotype,Uruguay,Uruguay,Valid,
Temnospondyli,Rhachitomi,Stereospondylomorpha,Stereospondyli,N/A,Brachyopoidea,N/A,Plagiosauridae,Plagiosterninae,Plagiosauridae,Aranetsia,improvisa,Aranetsia improvisa,"Novikov, Shishkin",1992,"Novikov, Shishkin (1992)",PIN,4371/1,PIN 4371/1,Holotype,Russia,Russia,Valid,
Temnospondyli,Rhachitomi,Stereospondylomorpha,Stereospondyli,N/A,N/A,N/A,Rhytidosteidae,Derwentiinae,Rhytidosteidae,Arcadia,myriadens,Arcadia myriadens,"Warren, Black",1985,"Warren, Black (1985)",QM,F10121,QM F10121,Holotype,Australia,Australia,Valid,
Temnospondyli,Rhachitomi,Stereospondylomorpha,N,N/A,N/A,N/A,N/A,N/A,Stereospondylomorpha,Archegosaurus,decheni,Archegosaurus decheni,Goldfuß,1847,Goldfuß (1847),MB,Am.116,MB.Am.116,Neotype,Germany,Germany,Valid,cast in NHMUK
Temnospondyli,Rhachitomi,Stereospondylomorpha,N,N/A,N/A,N/A,N/A,N/A,Stereospondylomorpha,Archegosaurus,dyscriton,Archegosaurus dyscriton,Steen,1938,Steen (1938),n/a,n/a,n/a,n/a,n/a,n/a,Outdated combination,
Temnospondyli,N/A,N/A,N/A,N/A,N/A,N/A,N/A,N/A,N/A,Archegosaurus,kashmiriensis,Archegosaurus kashmiriensis,Tewari,1960,Tewari (1960),GSI,18017,GSI 17890,Holotype,India,India,Junior synonym,
Temnospondyli,N/A,N/A,N/A,N/A,N/A,N/A,N/A,N/A,N/A,Archegosaurus,latifrons,Archegosaurus latifrons,"Geinitz, Deichmüller",1882,"Geinitz, Deichmüller (1882)",unknown,unknown,unknown,Type (unspecified),unknown,Germany,Junior synonym,number of the type is not given in the literature available to me
Temnospondyli,Rhachitomi,Stereospondylomorpha,N,N/A,N/A,N/A,Sclerocephalidae,N/A,Sclerocephalidae,Archegosaurus,latirostris,Archegosaurus latirostris,Jordan,1849,Jordan (1849),n/a,n/a,n/a,n/a,n/a,n/a,Outdated combination,
Temnospondyli,N/A,N/A,N/A,N/A,N/A,N/A,N/A,N/A,N/A,Archegosaurus,medius,Archegosaurus medius,Goldfuß,1847,Goldfuß (1847),STIPB,A 1344,STIPB A 1344,Holotype,Germany,Germany,Junior synonym,cast in NHMUK
Temnospondyli,N/A,N/A,N/A,N/A,N/A,N/A,N/A,N/A,N/A,Archegosaurus,minor,Archegosaurus minor,Goldfuß,1847,Goldfuß (1847),unknown,unknown,unknown,Holotype,unknown,Germany,Junior synonym,cast in NHMUK
Temnospondyli,Rhachitomi,Stereospondylomorpha,Stereospondyli,N/A,Brachyopoidea,N/A,Chigutisauridae,N/A,Chigutisauridae,Arenaerpeton,supinatus,Arenaerpeton supinatus,"Hart, Gee, Smith, McCurry",2023,"Hart, Gee, Smith, McCurry (2023)",AM,F125866,AM F.80190,Holotype,Australia,Australia,Valid,
Temnospondyli,Rhachitomi,Stereospondylomorpha,Stereospondyli,Trematosauria,Trematosauroidea,N/A,Metoposauridae,N/A,Metoposauridae,Arganasaurus,azerouali,Arganasaurus azerouali,Dutuit,1976,Dutuit (1976),MNHN,F.ARG 5,MNHN F.ARG 5,Holotype,France,Morocco,Valid,"may actually be lectotype (contra 'holotype' of Buffa et al., 2019, as Dutuit, 1976, did not designate holotypes for any taxa described there). This is what Hunt (1993) did; his lectotype was MNHN XV/1/65 D.1, but how this relates to the more recently appointed holotype is unclear"
Temnospondyli,Rhachitomi,Stereospondylomorpha,Stereospondyli,Trematosauria,Trematosauroidea,N/A,Metoposauridae,N/A,Metoposauridae,Arganasaurus,lyazidi,Arganasaurus lyazidi,Dutuit,1976,Dutuit (1976),MNHN,ALM 205,MNHN ALM 205,Lectotype,France,Morocco,Valid,XIX/3/66 as originally published by Dutuit (1976)
Temnospondyli,N,N,N,N/A,N/A,N/A,N/A,N/A,Temnospondyli,Arkanserpeton,arcuatum,Arkanserpeton arcuatum,Lane,1932,Lane (1932),KUVP,5962,KUVP 5962,Holotype,USA,USA,Nomen dubium,
Temnospondyli,Rhachitomi,N,N,N/A,Dissorophoidea,Olsoniformes,Dissorophidae,Aspidosaurinae,Dissorophidae,Aspidosaurus,apicalis,Aspidosaurus apicalis,Cope,1881,Cope (1881),AMNH,FARB 4785,AMNH FARB 4785,Holotype,USA,USA,Nomen dubium,
Temnospondyli,Rhachitomi,N,N,N/A,Dissorophoidea,Olsoniformes,Dissorophidae,Aspidosaurinae,Dissorophidae,Aspidosaurus,binasser,Aspidosaurus binasser,"Berman, Lucas",2003,"Berman, Lucas (2003)",TMM,43531,43531,Holotype,USA,USA,Valid,
Temnospondyli,Rhachitomi,N,N,N/A,Dissorophoidea,Olsoniformes,Dissorophidae,Aspidosaurinae,Dissorophidae,Aspidosaurus,chiton,Aspidosaurus chiton,Broili,1904,Broili (1904),BSP,"84, 85",BSP 1931 X 3,Holotype,USA,USA,Valid,
Temnospondyli,Rhachitomi,N,N,N/A,Dissorophoidea,Olsoniformes,Dissorophidae,Aspidosaurinae,Dissorophidae,Aspidosaurus,crucifer,Aspidosaurus crucifer,Case,1903,Case (1903),FMNH,UC 1205,FMNH PR 1460,Holotype,USA,USA,Nomen dubium,
Temnospondyli,Rhachitomi,N,N,N/A,Dissorophoidea,Olsoniformes,Dissorophidae,Aspidosaurinae,Dissorophidae,Aspidosaurus,glascocki,Aspidosaurus glascocki,Case,1910,Case (1910),AMNH,FARB 4864,AMNH FARB 4786,Holotype,USA,USA,Valid,
Temnospondyli,Rhachitomi,N,N,N/A,Dissorophoidea,Olsoniformes,Dissorophidae,Aspidosaurinae,Dissorophidae,Aspidosaurus,novomexicanus,Aspidosaurus novomexicanus,Williston,1911,Williston (1911),YPM,VP 000810,YPM VP 000810,Holotype,USA,USA,Valid,
Temnospondyli,Rhachitomi,N,N,N/A,Dissorophoidea,Olsoniformes,Dissorophidae,Aspidosaurinae,Dissorophidae,Aspidosaurus,peltatus,Aspidosaurus peltatus,Williston,1911,Williston (1911),FMNH,UC 668,FMNH UC 647,Holotype,USA,USA,Nomen dubium,"also as ""Broiliellus peltatus"""
Temnospondyli,Rhachitomi,N,N,N/A,Dissorophoidea,Olsoniformes,Dissorophidae,N/A,Dissorophidae,Astreptorhachis,ohioensis,Astreptorhachis ohioensis,Vaughn,1971,Vaughn (1971),USNM,21861,USNM 21861,Holotype,USA,USA,Valid,
Temnospondyli,Rhachitomi,Stereospondylomorpha,Stereospondyli,N/A,N/A,N/A,Rhinesuchidae,Australerpetinae,Rhinesuchidae,Australerpeton,cosgriffi,Australerpeton cosgriffi,Barberena,1998,Barberena (1998),UFRGS,PV 0227-P,UFRGS PV 0227-P,Holotype,Brazil,Brazil,Valid,
Temnospondyli,Rhachitomi,Stereospondylomorpha,Stereospondyli,N/A,Brachyopoidea,N/A,N/A,N/A,Brachyopoidea,Austropelor,wadleyi,Austropelor wadleyi,Longman,1941,Longman (1941),QM,F2628,QM F2628,Holotype,Australia,Australia,Nomen dubium,
Temnospondyli,Rhachitomi,Stereospondylomorpha,N,N/A,N/A,N/A,N/A,N/A,Stereospondylomorpha,Bageherpeton,longignathus,Bageherpeton longignathus,"Dias, Barberena",2001,"Dias, Barberena (2001)",UFRGS,PV 0317-P,UFRGS PV 0317-P,Holotype,Brazil,Brazil,Valid,
Temnospondyli,N,N,N,N/A,N/A,N/A,N/A,N/A,Temnospondyli,Balanerpeton,woodi,Balanerpeton woodi,"Milner, Sequeira",1994,"Milner, Sequeira (1994)",GLAHM,V2051,GLAHM BS4,Holotype,UK,UK,Valid,formerly SPW 2272 (Stan Wood collection)
Temnospondyli,Rhachitomi,Stereospondylomorpha,Stereospondyli,N/A,Brachyopoidea,N/A,Brachyopidae,N/A,Brachyopidae,Banksiops,townrowi,Banksiops townrowi,Cosgriff,1974,Cosgriff (1974),UTGD,87785,UTGD 87785,Holotype,Australia,Australia,Valid,
Temnospondyli,Rhachitomi,Stereospondylomorpha,N,N/A,N/A,N/A,N/A,N/A,Stereospondylomorpha,Bashkirosaurus,cherdyncevi,Bashkirosaurus cherdyncevi,Gubin,1981,Gubin (1981),PIN,164/70,PIN 164/70,Holotype,Russia,Russia,Valid,
Temnospondyli,Rhachitomi,Stereospondylomorpha,Stereospondyli,N/A,Brachyopoidea,N/A,Brachyopidae,N/A,Brachyopidae,Bathignathus,poikilops,Bathignathus poikilops,"Damiani, Jeannot",2002,"Damiani, Jeannot (2002)",BP,1/5790,BP/1/5673,Holotype,South Africa,South Africa,Valid,
Temnospondyli,Rhachitomi,Stereospondylomorpha,Stereospondyli,N/A,Brachyopoidea,N/A,Brachyopidae,N/A,Brachyopidae,Bathignathus,watsoni,Bathignathus watsoni,Haughton,1925,Haughton (1925),NHMUK,R.3589,NHMUK R.3589,Holotype,South Africa,South Africa,Valid,precise locality not confidently known; based on Watson (1956) supposition
Temnospondyli,Rhachitomi,Stereospondylomorpha,Stereospondyli,N/A,Brachyopoidea,N/A,Brachyopidae,N/A,Brachyopidae,Batrachosuchoides,impressus,Batrachosuchoides impressus,"Novikov, Shishkin",1994,"Novikov, Shishkin (1994)",PIN,4370/1,PIN 4370/1,Holotype,Russia,Russia,Disputed (species),non-Russian workers regard it as synonymous with B. lacer
Temnospondyli,Rhachitomi,N,N,Dvinosauria,Dvinosauroidea,N/A,Tupilakosauridae,N/A,Tupilakosauridae,Batrachosuchoides,lacer,Batrachosuchoides lacer,Shishkin,1966,Shishkin (1966),PIN,953/2,PIN 953/2,Holotype,Russia,Russia,Valid,
Temnospondyli,Rhachitomi,N,N,Dvinosauria,Dvinosauroidea,N/A,Tupilakosauridae,N/A,Tupilakosauridae,Batrachosuchoides,ochevi,Batrachosuchoides ochevi,"Novikov, Shishkin",2018,"Novikov, Shishkin (2018)",PIN,1043/653,PIN 1043/653,Holotype,Russia,Russia,Valid,
Temnospondyli,Rhachitomi,Stereospondylomorpha,Stereospondyli,N/A,Brachyopoidea,N/A,Brachyopidae,N/A,Brachyopidae,Batrachosuchus,browni,Batrachosuchus browni,Broom,1903,Broom (1903),SAM-PK,5868,SAM-PK-5868,Holotype,South Africa,South Africa,Valid,
Temnospondyli,Rhachitomi,Stereospondylomorpha,Stereospondyli,N/A,Brachyopoidea,N/A,Brachyopidae,N/A,Brachyopidae,Batrachosuchus,concordi,Batrachosuchus concordi,Chernin,1977,Chernin (1977),BP,1/F3728,BP F.21775,Holotype,South Africa,Zambia,Valid,
Temnospondyli,Rhachitomi,Stereospondylomorpha,Stereospondyli,N/A,Brachyopoidea,N/A,Brachyopidae,N/A,Brachyopidae,Batrachosuchus,henwoodi,Batrachosuchus henwoodi,Cosgriff,1969,Cosgriff (1969),WAM,62.1.42,WAM 62.1.42,Holotype,Australia,Australia,Valid,
Temnospondyli,N/A,N/A,N/A,N/A,N/A,N/A,N/A,N/A,N/A,Batrachosuchus,watsoni,Batrachosuchus watsoni,Haughton,1925,Haughton (1925),n/a,n/a,n/a,n/a,n/a,n/a,Outdated combination,
Temnospondyli,Rhachitomi,Stereospondylomorpha,Stereospondyli,Trematosauria,Trematosauroidea,N/A,N/A,Thoosuchinae,Trematosauroidea,Benthosphenus,lozovskii,Benthosphenus lozovskii,"Shishkin, Lozovsky",1979,"Shishkin, Lozovsky (1979)",PIN,3785/1,PIN 3785/1,Holotype,Russia,Russia,Valid,
Temnospondyli,Rhachitomi,Stereospondylomorpha,Stereospondyli,Trematosauria,Trematosauroidea,N/A,Benthosuchidae,Benthosuchinae,Benthosuchidae,Benthosuchus,bashkiricus,Benthosuchus bashkiricus,Ochev,1972,Ochev (1972),PIN,4168/1,PIN 4168/1,Holotype,Russia,Rusi,Disputed (species),
Temnospondyli,Rhachitomi,Stereospondylomorpha,Stereospondyli,Trematosauria,Trematosauroidea,N/A,Benthosuchidae,Benthosuchinae,Benthosuchidae,Benthosuchus,bystrowi,Benthosuchus bystrowi,Getmanov,1989,Getmanov (1989),PIN,3783/1,PIN 3783/1,Holotype,Russia,Russia,Valid,holotype stolen
Temnospondyli,Rhachitomi,Stereospondylomorpha,Stereospondyli,Trematosauria,Trematosauroidea,N/A,Benthosuchidae,Benthosuchinae,Benthosuchidae,Benthosuchus,gusevae,Benthosuchus gusevae,Novikov,2012b,Novikov (2012b),SOIKM,KMK KP-23420,SOIKM KMK KP-23420,Holotype,Russia,Rus,Valid,
Temnospondyli,Rhachitomi,Stereospondylomorpha,Stereospondyli,Trematosauria,Trematosauroidea,N/A,Benthosuchidae,Benthosuchinae,Benthosuchidae,Benthosuchus,korobkovi,Benthosuchus korobkovi,Ivakhnenko,1972,Ivakhnenko (1972),PIN,3200/1,PIN 3200/1,Holotype,Russia,Russia,Valid,
Temnospondyli,Rhachitomi,Stereospondylomorpha,Stereospondyli,Trematosauria,Trematosauroidea,N/A,Benthosuchidae,Benthosuchinae,Benthosuchidae,Benthosuchus,lukyanovi,Benthosuchus lukyanovi,Morkovin,2020,Morkovin (2020),PIN,5618/1,PIN 5618/1,Holotype,Russia,Russia,Valid,
Temnospondyli,Rhachitomi,Stereospondylomorpha,Stereospondyli,Trematosauria,Trematosauroidea,N/A,Benthosuchidae,Benthosuchinae,Benthosuchidae,Benthosuchus,sushkini,Benthosuchus sushkini,Efremov,1929,Efremov (1929),PIN,9/2243/1,PIN 9/2243/1,Holotype,Russia,Russia,Valid,
Temnospondyli,Rhachitomi,Stereospondylomorpha,Stereospondyli,Trematosauria,Trematosauroidea,N/A,Benthosuchidae,Benthosuchinae,Benthosuchidae,Benthosuchus,uralensis,Benthosuchus uralensis,Ochev,1958,Ochev (1958),PIN,4167/1,PIN 4167/1,Holotype,Russia,Russia,Valid,
Temnospondyli,Rhachitomi,N,N,Dvinosauria,,N/A,N/A,N/A,Dvinosauria,Bermanerpeton,kinneyi,Bermanerpeton kinneyi,"Werneburg, Schneider, Lucas",2021,"Werneburg, Schneider, Lucas (2021)",NMMNH,"P-3696a, b","NMMNH P-3696a, b",Holotype,USA,USA,Valid,
Temnospondyli,Rhachitomi,Stereospondylomorpha,Stereospondyli,Capitosauria,Capitosauroidea,N/A,N/A,N/A,Capitosauroidea,Bogdania,fragmenta,Bogdania fragmenta,Young,1978,Young (1978),IVPP,V.4010,IVPP V.4010,Holotype,China,China,Nomen dubium,
Temnospondyli,N/A,N/A,N/A,N/A,N/A,N/A,N/A,N/A,N/A,Borborophagus,wyomingensis,Borborophagus wyomingensis,"Branson, Mehl",1929,"Branson, Mehl (1929)",MU,517,MU 517,Holotype,USA,USA,Junior synonym,
Temnospondyli,Rhachitomi,Stereospondylomorpha,Stereospondyli,N/A,N/A,N/A,Rhytidosteidae,N/A,Rhytidosteidae,Boreopelta,vavilovi,Boreopelta vavilovi,Shishkin,1985,Shishkin (1985),PIN,4115/1,PIN 4115/1,Holotype,Russia,Russia,Valid,
Temnospondyli,Rhachitomi,Stereospondylomorpha,Stereospondyli,N/A,N/A,N/A,N/A,N/A,Stereospondyli,Boreosaurus,thorslundi,Boreosaurus thorslundi,Nilsson,1943,Nilsson (1943),PIU,"U45, U61, ENS 337","PIU U45, U61, ENS 337",Syntypes,Sweden,Norway,Nomen dubium,
Temnospondyli,Rhachitomi,Stereospondylomorpha,Stereospondyli,N/A,Brachyopoidea,N/A,Brachyopidae,N/A,Brachyopidae,Bothriceps,australis,Bothriceps australis,Huxley,1859,Huxley (1859),NHMUK,R.23110,NHMUK R.23110,Holotype,Australia,Australia,Valid,
Temnospondyli,Rhachitomi,Stereospondylomorpha,Stereospondyli,N/A,N/A,N/A,Lydekkerinidae,N/A,Lydekkerinidae,Bothriceps,panchetensis,Bothriceps panchetensis,Tripathi,1961a,Tripathi (1961a),GSI,17890,GSI 17886,Holotype,India,India,Nomen dubium,
Temnospondyli,Rhachitomi,Stereospondylomorpha,Stereospondyli,N/A,Brachyopoidea,N/A,Brachyopidae,N/A,Brachyopidae,Brachyops,laticeps,Brachyops laticeps,Owen,1855,Owen (1855),NHMUK,R.4414,NHMUK R.4414,Holotype,UK,India,Valid,
Temnospondyli,Rhachitomi,N,N,N/A,Dissorophoidea,N/A,Micromelerpetidae,N/A,Micromelerpetidae,Branchierpeton,amblystomum,Branchierpeton amblystomum,Credner,1881,Credner (1881),MMG,SGEDS-320,MMG SGEDS-320,Lectotype,Germany,Germany,Valid,
Temnospondyli,Rhachitomi,N,N,N/A,Dissorophoidea,N/A,Micromelerpetidae,N/A,Micromelerpetidae,Branchierpeton,reinholdi,Branchierpeton reinholdi,Werneburg,1988c,Werneburg (1988c),FG,321/10/28,FG 321/1/29,Holotype,Germany,Germany,Valid,
Temnospondyli,Rhachitomi,N,N,N/A,Dissorophoidea,N/A,Micromelerpetidae,N/A,Micromelerpetidae,Branchierpeton,saalense,Branchierpeton saalense,Werneburg,1990,Werneburg (1990),BGRB,PG/588,BGRB FARB 9503,Holotype,Germany,Germany,Valid,
Temnospondyli,Rhachitomi,N,N,N/A,Dissorophoidea,N/A,Micromelerpetidae,N/A,Micromelerpetidae,Branchierpeton,saberi,Branchierpeton saberi,"Werneburg, Schneider, Voigt, Belahmira",2019,"Werneburg, Schneider, Voigt, Belahmira (2019)",CDUE,"801a, b",CDUE T.214,Holotype,Morocco,Morocco,Valid,
Temnospondyli,N/A,N/A,N/A,N/A,N/A,N/A,N/A,N/A,N/A,Branchiosaurus,brachyrhynchus,Branchiosaurus brachyrhynchus,Watson,1963,Watson (1963),NHMUK,R.566/7,NHMUK R.566/7,Holotype,UK,Germany,Junior synonym,
Temnospondyli,Rhachitomi,N,N,N/A,Dissorophoidea,Amphibamiformes,Branchiosauridae,Branchiosaurinae,Branchiosauridae,Branchiosaurus,commentryensis,Branchiosaurus commentryensis,Werneburg,2019,Werneburg (2019),MNHNP – COM,259,MNHNP – COM 259,Holotype,France,France,Valid,
Temnospondyli,Rhachitomi,N,N,N/A,Dissorophoidea,Amphibamiformes,Branchiosauridae,Branchiosaurinae,Branchiosauridae,Branchiosaurus,darrahi,Branchiosaurus darrahi,Romer,1939,Romer (1939),MCZ,1265,MCZ 1265,Holotype,USA,USA,Nomen dubium,"provenance uncertain, may very well be Apateon from Europe (Schoch & Milner, 2014)"
Temnospondyli,N,N,N,N/A,N/A,N/A,N/A,N/A,Temnospondyli,Branchiosaurus,robustus,Branchiosaurus robustus,Frič,1879,Frič (1879),NMP,418,NMP 418,Holotype,Czech Republic,Czech Republic,Nomen dubium,
Temnospondyli,Rhachitomi,N,N,N/A,Dissorophoidea,Amphibamiformes,Branchiosauridae,Branchiosaurinae,Branchiosauridae,Branchiosaurus,salamandroides,Branchiosaurus salamandroides,Frič,1876,Frič (1876),NMP,332/M1167,NMP 332/M1167,Lectotype,Czech Republic,Czech Republic,Valid,
Temnospondyli,N,N,N,N/A,N/A,N/A,N/A,N/A,Temnospondyli,Branchiosaurus,venosus,Branchiosaurus venosus,Frič,1879,Frič (1879),NMP,413-415,NMP 413-415,Syntypes,Czech Republic,Czech Republic,Nomen dubium,
Temnospondyli,Rhachitomi,N,N,N/A,Dissorophoidea,Olsoniformes,Dissorophidae,N/A,Dissorophidae,Brevidorsum,profundum,Brevidorsum profundum,Carroll,1964,Carroll (1964),MCZ,3250,MCZ 3250,Holotype,USA,USA,Valid,
Temnospondyli,Rhachitomi,N,N,N/A,Dissorophoidea,Olsoniformes,Dissorophidae,Dissorophinae,Dissorophidae,Broiliellus,arroyoensis,Broiliellus arroyoensis,DeMar,1967,DeMar (1967),FMNH,UR 431,FMNH UR 430,Holotype,USA,USA,Valid,
Temnospondyli,Rhachitomi,N,N,N/A,Dissorophoidea,Olsoniformes,Dissorophidae,Dissorophinae,Dissorophidae,Broiliellus,brevis,Broiliellus brevis,Carroll,1964,Carroll (1964),MCZ,1424,MCZ 1424,Holotype,USA,USA,Valid,
Temnospondyli,Rhachitomi,N,N,N/A,Dissorophoidea,Olsoniformes,Dissorophidae,Dissorophinae,Dissorophidae,Broiliellus,olsoni,Broiliellus olsoni,DeMar,1967,DeMar (1967),UT-BEG,31189.8,UT-BEG 31189.8,Holotype,USA,USA,Valid,
Temnospondyli,Rhachitomi,N,N,N/A,Dissorophoidea,Olsoniformes,Dissorophidae,Dissorophinae,Dissorophidae,Broiliellus,reiszi,Broiliellus reiszi,"Holmes, Berman, Anderson",2013,"Holmes, Berman, Anderson (2013)",CM,41705,CM 38025,Holotype,USA,USA,Valid,
Temnospondyli,Rhachitomi,N,N,N/A,Dissorophoidea,Olsoniformes,Dissorophidae,Dissorophinae,Dissorophidae,Broiliellus,texensis,Broiliellus texensis,Williston,1914,Williston (1914),FMNH,UC 684,FMNH UC 673,Lectotype,USA,USA,Valid,
Temnospondyli,Rhachitomi,Stereospondylomorpha,Stereospondyli,N/A,N/A,N/A,Rhinesuchidae,Australerpetinae,Rhinesuchidae,Broomistega,putterilli,Broomistega putterilli,Broom,1930,Broom (1930),TM,184,TM 184,Holotype,South Africa,South Africa,Valid,
Temnospondyli,N/A,N/A,N/A,N/A,N/A,N/A,N/A,N/A,N/A,Broomulus,dutoiti,Broomulus dutoiti,Broom,1930,Broom (1930),MGM,4285,MGM4285,Holotype,South Africa,South Africa,Junior synonym,
Temnospondyli,Rhachitomi,Stereospondylomorpha,Stereospondyli,Trematosauria,Trematosauroidea,N/A,Metoposauridae,N/A,Metoposauridae,Buettnererpeton,bakeri,Buettnererpeton bakeri,Case,1931,Case (1931),UMMP,13055,UMMP 13055,Holotype,USA,USA,Valid,
Temnospondyli,N/A,N/A,N/A,N/A,N/A,N/A,N/A,N/A,N/A,Buettneria,bakeri,Buettneria bakeri,Case,1931,Case (1931),n/a,n/a,n/a,n/a,n/a,n/a,Outdated combination,
Temnospondyli,Rhachitomi,Stereospondylomorpha,Stereospondyli,Trematosauria,Trematosauroidea,N/A,Metoposauridae,N/A,Metoposauridae,Buettneria,calgariensis,Buettneria calgariensis,Green,1954,Green (1954),n/a,n/a,n/a,n/a,n/a,USA,Nomen nudum,only named in doctoral thesis
Temnospondyli,N/A,N/A,N/A,N/A,N/A,N/A,N/A,N/A,N/A,Buettneria,howardensis,Buettneria howardensis,Sawin,1945,Sawin (1945),UT-BEG,"31100-30, -42, -122, -124, -161; 31220-1","UT-BEG 31100-30, -42, -122, -124, -161; 31220-1",Syntypes,USA,USA,Junior synonym,
Temnospondyli,N/A,N/A,N/A,N/A,N/A,N/A,N/A,N/A,N/A,Buettneria,major,Buettneria major,"Branson, Mehl",1929,"Branson, Mehl (1929)",MU,511,MU 511,Holotype,USA,USA,Junior synonym,
Temnospondyli,N/A,N/A,N/A,N/A,N/A,N/A,N/A,N/A,N/A,Buettneria,perfecta,Buettneria perfecta,Case,1922,Case (1922),UMMP,7475,UMMP 7475,Holotype,USA,USA,Junior synonym,
Temnospondyli,Rhachitomi,Stereospondylomorpha,Stereospondyli,Trematosauria,Trematosauroidea,N/A,N/A,N/A,Trematosauroidea,Bukobaja,enigmatica,Bukobaja enigmatica,Ochev,1966,Ochev (1966),PIN,104/245,PIN 104/245,Holotype,Russia,Russia,Valid,
Temnospondyli,Rhachitomi,Stereospondylomorpha,Stereospondyli,Capitosauria,Capitosauroidea,N/A,N/A,N/A,Capitosauroidea,Bulgosuchus,gargantua,Bulgosuchus gargantua,Damiani,1999,Damiani (1999),AM,F.80190,AM F.47499,Holotype,Australia,Australia,Valid,
Temnospondyli,Rhachitomi,N,N,N/A,Dissorophoidea,Olsoniformes,Dissorophidae,N/A,Dissorophidae,Buxierophus,pouilloni,Buxierophus pouilloni,"Werneburg, Logghe, Steyer",2025,"Werneburg, Logghe, Steyer (2025)",RH,D 20-03-99 (21),RH-D 20-03-99 (21),Holotype,France,France,Valid,
Temnospondyli,N/A,N/A,N/A,N/A,N/A,N/A,N/A,N/A,N/A,Cabralia,lavinai,Cabralia lavinai,"Dias-da-Silva, Marsicano, Schultz",2006,"Dias-da-Silva, Marsicano, Schultz (2006)",n/a,n/a,n/a,n/a,n/a,n/a,Unavailable name; outdated combination,genus already occupied by butterfly
Temnospondyli,Rhachitomi,N,N,N/A,Dissorophoidea,Olsoniformes,Dissorophidae,Cacopinae,Dissorophidae,Cacops,aspidephorus,Cacops aspidephorus,Williston,1910,Williston (1910),FMNH,UC 647,FMNH UC 640,Holotype,USA,USA,Valid,
Temnospondyli,Rhachitomi,N,N,N/A,Dissorophoidea,Olsoniformes,Dissorophidae,Cacopinae,Dissorophidae,Cacops,morrisi,Cacops morrisi,"Reisz, Schoch, Anderson",2009,"Reisz, Schoch, Anderson (2009)",OMNH,53077,OMNH 53077,Holotype,USA,USA,Valid,
Temnospondyli,Rhachitomi,N,N,N/A,Dissorophoidea,Olsoniformes,Dissorophidae,Cacopinae,Dissorophidae,Cacops,woehri,Cacops woehri,"Fröbisch, Reisz",2012,"Fröbisch, Reisz (2012)",OMNH,73216,OMNH 73216,Holotype,USA,USA,Valid,
Temnospondyli,Rhachitomi,Stereospondylomorpha,Stereospondyli,Trematosauria,Trematosauroidea,N/A,N/A,N/A,Trematosauroidea,Calamops,paludosus,Calamops paludosus,Sinclair,1917,Sinclair (1917),YPM,VPPU 12302,YPM VPPU 12302,Holotype,USA,USA,Valid,
Temnospondyli,Rhachitomi,Stereospondylomorpha,Stereospondyli,Trematosauria,Trematosauroidea,N/A,N/A,N/A,Trematosauroidea,Callistomordax,kugleri,Callistomordax kugleri,Schoch,2008a,Schoch (2008a),SMNS,82035,SMNS 82035,Holotype,Germany,Germany,Valid,
Temnospondyli,Rhachitomi,Stereospondylomorpha,Stereospondyli,Capitosauria,Capitosauroidea,N/A,N/A,N/A,Capitosauroidea,Calmasuchus,acri,Calmasuchus acri,"Fortuny, Galobart, de Santisteban",2011,"Fortuny, Galobart, de Santisteban (2011)",IPS,37401 (LM-83),IPS-37401 (LM-83),Holotype,Spain,Spain,Valid,
Temnospondyli,N,N,N,N/A,N/A,N/A,N/A,N/A,Temnospondyli,Capetus,palustris,Capetus palustris,Steen,1938,Steen (1938),NHMUK,R.4706,NHMUK R.4706,Holotype,UK,Czech Republic,Valid,
Temnospondyli,Rhachitomi,Stereospondylomorpha,Stereospondyli,Capitosauria,Capitosauroidea,N/A,Cyclotosauridae,Cyclotosaurinae,Capitosauroidea,Capitosaurus,arenaceus,Capitosaurus arenaceus,Muenster,1836,Muenster (1836),BSP,BT 14,"BSP 84, 85",Holotype,Germany,Germany,"Disputed (genus, species)",
Temnospondyli,Rhachitomi,Stereospondylomorpha,Stereospondyli,Capitosauria,Capitosauroidea,N/A,,,Capitosauroidea,Capitosaurus,bogdoanus,Capitosaurus bogdoanus,Woodward,1932,Woodward (1932),PIN,2246/1,PIN 2246/1,Holotype,Russia,Russia,Outdated combination,
Temnospondyli,N/A,N/A,N/A,N/A,N/A,N/A,N/A,N/A,N/A,Capitosaurus,fronto,Capitosaurus fronto,von Meyer,1858,von Meyer (1858),GIH,BS4,GIH BS1,Holotype,Germany,Germany,Junior synonym,
Temnospondyli,Rhachitomi,Stereospondylomorpha,Stereospondyli,Capitosauria,Capitosauroidea,N/A,N/A,N/A,Capitosauroidea,Capitosaurus,polaris,Capitosaurus polaris,Wiman,1914b,Wiman (1914b),PIU,U.120,PIU U.120,Holotype,Sweden,Norway,Nomen dubium,Kear et al. (2016) suggest it may be Cyclotosaurus sp.
Temnospondyli,Rhachitomi,Stereospondylomorpha,Stereospondyli,N/A,N/A,N/A,N/A,N/A,Stereospondyli,Capulomala,arcadiensis,Capulomala arcadiensis,"Warren, Damiani, Sengupta",2009,"Warren, Damiani, Sengupta (2009)",QM,F39706,QM F39706,Holotype,Australia,Australia,Valid,
Temnospondyli,Rhachitomi,Stereospondylomorpha,Stereospondyli,N/A,N/A,N/A,N/A,N/A,Stereospondyli,Capulomala,panchetensis,Capulomala panchetensis,"Warren, Damiani, Sengupta",2009,"Warren, Damiani, Sengupta (2009)",GSI,17886,GSI 17879,Holotype,India,India,Valid,
Temnospondyli,N/A,N/A,N/A,N/A,N/A,N/A,N/A,N/A,N/A,Ceraterpeton,divaricatum,Ceraterpeton divaricatum,Cope,1885,Cope (1885),AMNH/FMNH,multiple,AMNH FARB 2559/FMNH UR 16,Holotype,USA,USA,Junior synonym,part/counterpart holotype
Temnospondyli,N/A,N/A,N/A,N/A,N/A,N/A,N/A,N/A,N/A,Cheliderpeton,latirostre,Cheliderpeton latirostre,Boy,1993,Boy (1993),n/a,n/a,n/a,n/a,n/a,n/a,Outdated combination,
Temnospondyli,N/A,N/A,N/A,N/A,N/A,N/A,N/A,N/A,N/A,Cheliderpeton,lellbachae,Cheliderpeton lellbachae,Krätschmer,2006,Krätschmer (2006),n/a,n/a,n/a,n/a,n/a,n/a,Outdated combination,
Temnospondyli,Rhachitomi,Stereospondylomorpha,N,N/A,N/A,N/A,Intasuchidae,N/A,Intasuchidae,Cheliderpeton,vranyi,Cheliderpeton vranyi,Frič,1877,Frič (1877),NMP,M528,NMP M528,Holotype,Czech Republic,Czech Republic,Valid,
Temnospondyli,N/A,N/A,N/A,N/A,N/A,N/A,N/A,N/A,N/A,Chelydosaurus,marahomensis,Chelydosaurus marahomensis,Verma,1962,Verma (1962),GSI,18071,GSI 18018,Holotype,India,Kashmir,Junior synonym,
Temnospondyli,Rhachitomi,N,N,N/A,N/A,N/A,Zatracheidae,N/A,Zatracheidae,Chemnitzion,richteri,Chemnitzion richteri,"Werneburg, Witzmann, Schneider, Rößler",2022,"Werneburg, Witzmann, Schneider, Rößler (2022)",MNC,"TA0949a, b","MNC TA0949a, b",Holotype,Germany,Germany,Valid,
Temnospondyli,N/A,N/A,N/A,N/A,N/A,N/A,N/A,N/A,N/A,Chenoprosopus,lewisi,Chenoprosopus lewisi,Hook,1993,Hook (1993),USNM,437646,USNM 437646,Holotype,USA,USA,Junior synonym,
Temnospondyli,N,N,N,N/A,Edopoidea,N/A,Cochleosauridae,N/A,Cochleosauridae,Chenoprosopus,milleri,Chenoprosopus milleri,Mehl,1913,Mehl (1913),FMNH,UC 670,FMNH UC 668,Holotype,USA,USA,Valid,
Temnospondyli,Rhachitomi,Stereospondylomorpha,Stereospondyli,Capitosauria,Capitosauroidea,N/A,N/A,N/A,Capitosauroidea,Cherninia,denwai,Cherninia denwai,"Mukherjee, Sengupta",1998,"Mukherjee, Sengupta (1998)",ISI,A 54,ISI A 54,Holotype,India,India,Valid,
Temnospondyli,Rhachitomi,Stereospondylomorpha,Stereospondyli,Capitosauria,Capitosauroidea,N/A,N/A,N/A,Capitosauroidea,Cherninia,megarhina,Cherninia megarhina,"Chernin, Cosgriff",1975,"Chernin, Cosgriff (1975)",BP,1/4223,BP/1/4004,Holotype,South Africa,Zambia,Valid,
Temnospondyli,N/A,N/A,N/A,N/A,N/A,N/A,N/A,N/A,N/A,Chigutisaurus,tunuyanensis,Chigutisaurus tunuyanensis,Rusconi,1948b,Rusconi (1948b),MCNA,2660,MCNA 2660,Holotype,Argentina,Argentina,Junior synonym,
Temnospondyli,Rhachitomi,Stereospondylomorpha,Stereospondyli,N/A,N/A,N/A,N/A,N/A,Stereospondyli,Chinlestegophis,jenkinsi,Chinlestegophis jenkinsi,"Pardo, Small, Huttenlocker",2017,"Pardo, Small, Huttenlocker (2017)",DMNH,56658,DMNH 49903,Holotype,USA,USA,Valid,
Temnospondyli,Rhachitomi,Stereospondylomorpha,Stereospondyli,N/A,N/A,N/A,Lydekkerinidae,N/A,Lydekkerinidae,Chomatobatrachus,halei,Chomatobatrachus halei,Cosgriff,1974,Cosgriff (1974),UTGD,80738,UTGD 80738,Holotype,Australia,Australia,Valid,
Temnospondyli,Rhachitomi,N,N,Eryopiformes,Eryopoidea,N/A,Eryopidae,Eryopinae,Eryopidae,Clamorosaurus,borealis,Clamorosaurus borealis,Gubin,1983,Gubin (1983),PIN,3950/1,PIN 3950/1,Holotype,Russia,Russia,Valid,
Temnospondyli,Rhachitomi,N,N,Eryopiformes,Eryopoidea,N/A,Eryopidae,Eryopinae,Eryopidae,Clamorosaurus,nocturnus,Clamorosaurus nocturnus,Gubin,1983,Gubin (1983),PIN,1582/1,PIN 1582/1,Holotype,Russia,Russia,Valid,
Temnospondyli,N/A,N/A,N/A,N/A,N/A,N/A,N/A,N/A,N/A,Clepsydrops,gigas,Clepsydrops gigas,Cope,1878,Cope (1878),AMNH,FARB 4006,AMNH FARB 3927,Holotype,USA,USA,Junior synonym,
Temnospondyli,N,N,N,N/A,Edopoidea,N/A,Cochleosauridae,N/A,Cochleosauridae,Cochleosaurus,bohemicus,Cochleosaurus bohemicus,Frič,1876,Frič (1876),NMP,"M540, M1268","NMP M540, M1268",Holotype,Czech Republic,Czech Republic,Valid,part/counterpart
Temnospondyli,N/A,N/A,N/A,N/A,N/A,N/A,N/A,N/A,N/A,Cochleosaurus,falax,Cochleosaurus falax,Frič,1885a,Frič (1885a),NMP,543,NMP 543,Holotype,Czech Republic,Czech Republic,Junior synonym,
Temnospondyli,N,N,N,N/A,Edopoidea,N/A,Cochleosauridae,N/A,Cochleosauridae,Cochleosaurus,florensis,Cochleosaurus florensis,Rieppel,1980,Rieppel (1980),MCZ,4343,MCZ 4343,Holotype,USA,Canada,Valid,
Temnospondyli,Rhachitomi,Stereospondylomorpha,N,N/A,N/A,N/A,N/A,N/A,Stereospondylomorpha,Collidosuchus,tchudinovi,Collidosuchus tchudinovi,Gubin,1986,Gubin (1986),PIN,1758/334,PIN 1758/334,Holotype,Russia,Russia,Valid,
Temnospondyli,N/A,N/A,N/A,N/A,N/A,N/A,N/A,N/A,N/A,Colosteus,foveatus,Colosteus foveatus,Cope,1869,Cope (1869),AMNH,FARB 6919,"AMNH FARB 6914, 6956",Holotype,USA,USA,Junior synonym,
Temnospondyli,Rhachitomi,Stereospondylomorpha,Stereospondyli,N/A,Brachyopoidea,N/A,Chigutisauridae,N/A,Chigutisauridae,Compsocerops,cosgriffi,Compsocerops cosgriffi,Sengupta,1995,Sengupta (1995),ISI,A 33,ISI A 33,Holotype,India,India,Valid,
Temnospondyli,Rhachitomi,Stereospondylomorpha,Stereospondyli,N/A,Brachyopoidea,N/A,Chigutisauridae,N/A,Chigutisauridae,Compsocerops,tikiensis,Compsocerops tikiensis,"Chakravorti, Sengupta",2023,"Chakravorti, Sengupta (2023)",ISI,A 202,ISI A 202,Holotype,India,India,Valid,
Temnospondyli,Rhachitomi,N,N,N/A,Dissorophoidea,Olsoniformes,Dissorophidae,Cacopinae,Dissorophidae,Conjunctio,multidens,Conjunctio multidens,Carroll,1964,Carroll (1964),FMNH,UC 673,FMNH UC 670,Holotype,USA,USA,Valid,
Temnospondyli,Rhachitomi,Stereospondylomorpha,Stereospondyli,Trematosauria,Trematosauroidea,N/A,Trematosauridae,Lonchorhynchinae,Trematosauridae,Cosgriffius,campi,Cosgriffius campi,Welles,1993,Welles (1993),UCMP,112135,UCMP 112135,Holotype,USA,USA,Valid,
Temnospondyli,Rhachitomi,Stereospondylomorpha,Stereospondyli,Capitosauria,N/A,N/A,N/A,N/A,Capitosauria,Cryobatrachus,kitchingi,Cryobatrachus kitchingi,"Colbert, Cosgriff",1974,"Colbert, Cosgriff (1974)",AMNH,FARB 9503,AMNH FARB 7118,Holotype,USA,Antarctica,Nomen dubium,
Temnospondyli,Rhachitomi,Stereospondylomorpha,Stereospondyli,Capitosauria,Capitosauroidea,N/A,Cyclotosauridae,Cyclotosaurinae,Cyclotosauridae,Cyclotosaurus,buechneri,Cyclotosaurus buechneri,"Witzmann, Sachs, Nyhuis",2016,"Witzmann, Sachs, Nyhuis (2016)",Namu,ES/k 36053,Namu ES/k 36053,Holotype,Germany,Germany,Valid,
Temnospondyli,Rhachitomi,Stereospondylomorpha,Stereospondyli,Capitosauria,Capitosauroidea,N/A,Cyclotosauridae,Cyclotosaurinae,Cyclotosauridae,Cyclotosaurus,ebrachensis,Cyclotosaurus ebrachensis,Kuhn,1932,Kuhn (1932),BSP,1931 X 1,BSP 1929 XI 120,Holotype,Germany,Germany,Disputed (species),"holotype originally in Munich; but now lost. Treated as ""probably junior synonym"" by Schoch & Milner (2000) but discussed as a valid taxon by more recent workers"
Temnospondyli,Rhachitomi,Stereospondylomorpha,Stereospondyli,Capitosauria,Capitosauroidea,N/A,Cyclotosauridae,Cyclotosaurinae,Cyclotosauridae,Cyclotosaurus,hemprichi,Cyclotosaurus hemprichi,Kuhn,1942,Kuhn (1942),Halberstadt Museum,uncatalogued,Halberstadt Museum V 7998,Holotype,Germany,Germany,Valid,
Temnospondyli,Rhachitomi,Stereospondylomorpha,Stereospondyli,Capitosauria,Capitosauroidea,N/A,Cyclotosauridae,Cyclotosaurinae,Cyclotosauridae,Cyclotosaurus,intermedius,Cyclotosaurus intermedius,"Sulej, Majer",2005,"Sulej, Majer (2005)",ZPAL,AbIII/1173,ZPAL AbIII/1173,Holotype,Poland,Poland,Valid,
Temnospondyli,N/A,N/A,N/A,N/A,N/A,N/A,N/A,N/A,N/A,Cyclotosaurus,mechernichensis,Cyclotosaurus mechernichensis,"Jux, Pflug",1958,"Jux, Pflug (1958)",GPIT,Am.686,GPIT Am.686,Type (unspecified),Germany,Germany,Junior synonym,
Temnospondyli,Rhachitomi,Stereospondylomorpha,Stereospondyli,Capitosauria,Capitosauroidea,N/A,Cyclotosauridae,Cyclotosaurinae,Cyclotosauridae,Cyclotosaurus,mordax,Cyclotosaurus mordax,Fraas,1913,Fraas (1913),SMNS,13014,SMNS 13014,Holotype,Germany,Germany,Valid,
Temnospondyli,Rhachitomi,Stereospondylomorpha,Stereospondyli,Capitosauria,Capitosauroidea,N/A,Cyclotosauridae,Cyclotosaurinae,Cyclotosauridae,Cyclotosaurus,naraserluki,Cyclotosaurus naraserluki,"Marzola, Mateus, Shubin, Clemmensen",2017,"Marzola, Mateus, Shubin, Clemmensen (2017)",MGUH,VP 9522,MGUH VP 9522,Holotype,Denmark,Greenland,Valid,
Temnospondyli,Rhachitomi,Stereospondylomorpha,Stereospondyli,Capitosauria,Capitosauroidea,N/A,Cyclotosauridae,Cyclotosaurinae,Cyclotosauridae,Cyclotosaurus,posthumus,Cyclotosaurus posthumus,Fraas,1913,Fraas (1913),SMNS,12988,SMNS 12988,Holotype,Germany,Germany,Valid,
Temnospondyli,Rhachitomi,Stereospondylomorpha,Stereospondyli,N/A,N/A,N/A,N/A,N/A,Stereospondyli,Cyclotosaurus,randalli,Cyclotosaurus randalli,Welles,1947,Welles (1947),UCMP,36188,UCMP 36188,Holotype,USA,USA,Nomen dubium,
Temnospondyli,Rhachitomi,Stereospondylomorpha,Stereospondyli,Capitosauria,Capitosauroidea,N/A,Cyclotosauridae,Cyclotosaurinae,Cyclotosauridae,Cyclotosaurus,robustus,Cyclotosaurus robustus,"von Meyer, Plieninger",1844,"von Meyer, Plieninger (1844)",GPIT,27-1,GPIT 27-1,Holotype,Germany,Germany,Valid,
Temnospondyli,Rhachitomi,Stereospondylomorpha,Stereospondyli,Capitosauria,Capitosauroidea,N/A,N/A,N/A,Capitosauroidea,Cyclotosaurus,spitzbergensis,Cyclotosaurus spitzbergensis,Wiman,1914b,Wiman (1914b),PIU,U.82,PIU U.82,Holotype,Sweden,Norway,Nomen dubium,also placed in novel genus Sassenisaurus
Temnospondyli,Rhachitomi,N,N,N/A,N/A,N/A,Zatracheidae,N/A,Zatracheidae,Dasyceps,bucklandi,Dasyceps bucklandi,Lloyd,1850,Lloyd (1850),WARMS,Gz.42,WARMS Gz.42,Holotype,UK,UK,Valid,
Temnospondyli,Rhachitomi,N,N,N/A,N/A,N/A,Zatracheidae,N/A,Zatracheidae,Dasyceps,microphthalmus,Dasyceps microphthalmus,Cope,1896c,Cope (1896c),AMNH,FARB 4586,AMNH FARB 4577,Holotype,USA,USA,Valid,
Temnospondyli,Rhachitomi,N,N,Dvinosauria,N/A,N/A,N/A,N/A,Dvinosauria,Dawsonerpeton,polydens,Dawsonerpeton polydens,Frič,1879,Frič (1879),NMP,419,NMP 419,Lectotype,Czech Republic,Czech Republic,Valid,
Temnospondyli,Rhachitomi,Stereospondylomorpha,Stereospondyli,N/A,N/A,N/A,Lydekkerinidae,N/A,Lydekkerinidae,Deltacephalus,whitei,Deltacephalus whitei,Swinton,1956,Swinton (1956),NHMUK,R.6695,NHMUK R.6695,Holotype,UK,Madagascar,Valid,
Temnospondyli,Rhachitomi,Stereospondylomorpha,Stereospondyli,N/A,N/A,N/A,Rhytidosteidae,Derwentiinae,Rhytidosteidae,Deltasaurus,kimberleyensis,Deltasaurus kimberleyensis,Cosgriff,1965,Cosgriff (1965),WAM,62.1.44,WAM 62.1.44,Holotype,Australia,Australia,Valid,
Temnospondyli,Rhachitomi,Stereospondylomorpha,Stereospondyli,N/A,N/A,N/A,Rhytidosteidae,Derwentiinae,Rhytidosteidae,Deltasaurus,pustulatus,Deltasaurus pustulatus,Cosgriff,1965,Cosgriff (1965),BMR,F.21775,BMR PG/588,Holotype,Australia,Australia,Valid,
Temnospondyli,N,N,N,N/A,N/A,N/A,Dendrerpetidae,N/A,Dendrerpetidae,Dendrerpeton,acadianum,Dendrerpeton acadianum,Owen,1853,Owen (1853),NHMUK,R.4158,NHMUK R.4158,Lectotype,UK,Canada,Valid,
Temnospondyli,N,N,N,N/A,N/A,N/A,Dendrerpetidae,N/A,Dendrerpetidae,Dendrerpeton,confusum,Dendrerpeton confusum,Milner,1996,Milner (1996),RM,2.1185,RM 2.1185,Holotype,Canada,Canada,Valid,"part/counterpart, with counterpart at NHMUK (UK)"
Temnospondyli,N/A,N/A,N/A,N/A,N/A,N/A,N/A,N/A,N/A,Dendrerpeton,deprivatum,Dendrerpeton deprivatum,Frič,1885a,Frič (1885a),NMP,525,NMP 525,Holotype,Czech Republic,Czech Republic,Junior synonym,
Temnospondyli,N,N,N,N/A,N/A,N/A,N/A,N/A,Temnospondyli,Dendrerpeton,foveolatum,Dendrerpeton foveolatum,Frič,1885b,Frič (1885b),NMP,526,NMP 526,Lectotype,Czech Republic,Czech Republic,Nomen dubium,
Temnospondyli,N,N,N,N/A,N/A,N/A,Dendrerpetidae,N/A,Dendrerpetidae,Dendrerpeton,helogenes,Dendrerpeton helogenes,Steen,1934,Steen (1934),RM,2.1188,RM 2.1188,Holotype,Canada,Canada,Valid,
Temnospondyli,N/A,N/A,N/A,N/A,N/A,N/A,N/A,N/A,N/A,Dendrerpeton,oweni,Dendrerpeton oweni,Dawson,1863,Dawson (1863),RM,2.1121,RM 2.1121,Type (unspecified),Canada,Canada,Junior synonym,
Temnospondyli,N/A,N/A,N/A,N/A,N/A,N/A,N/A,N/A,N/A,Dendrerpeton,pyriticum,Dendrerpeton pyriticum,Frič,1885a,Frič (1885a),NMP,517,NMP 517,Holotype,Czech Republic,Czech Republic,Junior synonym,
Temnospondyli,N,N,N,N/A,N/A,N/A,Dendrerpetidae,N/A,Dendrerpetidae,Dendrerpeton,rugosum,Dendrerpeton rugosum,Huxley,1867,Huxley (1867),TCD,T84,TCD T84,Holotype,UK,UK,Valid,formerly NMING F14686
Temnospondyli,N/A,N/A,N/A,N/A,N/A,N/A,N/A,N/A,N/A,Dendryazousa,dikella,Dendryazousa dikella,Steen,1934,Steen (1934),NHMUK,R.439,NHMUK R.439,Lectotype,UK,Canada,Junior synonym,
Temnospondyli,Rhachitomi,Stereospondylomorpha,Stereospondyli,N/A,N/A,N/A,Rhytidosteidae,Derwentiinae,Rhytidosteidae,Derwentia,warreni,Derwentia warreni,Cosgriff,1974,Cosgriff (1974),UTGD,87784,UTGD 87784,Holotype,Australia,Australia,Valid,
Temnospondyli,Rhachitomi,Stereospondylomorpha,Stereospondyli,N/A,N/A,N/A,N/A,N/A,Stereospondyli,Diadetognathus,varvicensis,Diadetognathus varvicensis,Miall,1874,Miall (1874),WARMS,Gz.974,WARMS Gz.974,Lectotype,UK,UK,Nomen dubium,
Temnospondyli,N/A,N/A,N/A,N/A,N/A,N/A,N/A,N/A,N/A,Diceratosaurus,laevis,Diceratosaurus laevis,Steen,1931,Steen (1931),AMNH,FARB 6923,AMNH FARB 6922,Holotype,USA,USA,Junior synonym,
Temnospondyli,N/A,N/A,N/A,N/A,N/A,N/A,N/A,N/A,N/A,Diceratosaurus,robustus,Diceratosaurus robustus,Moodie,1909a,Moodie (1909a),AMNH,FARB 6929,AMNH FARB 6928,Holotype,USA,USA,Junior synonym,
Temnospondyli,Rhachitomi,Trematosauria,Stereospondyli,Trematosauria,Trematosauroidea,N/A,Metoposauridae,N/A,Metoposauridae,Dictyocephalus,elegans,Dictyocephalus elegans,Leidy,1856,Leidy (1856),AMNH,FARB 5661,AMNH FARB 4895,Holotype,USA,USA,Nomen dubium,
Temnospondyli,Rhachitomi,N,N,N/A,Dissorophoidea,Olsoniformes,Dissorophidae,Dissorophinae,Dissorophidae,Diploseira,angusta,Diploseira angusta,Carroll,1964,Carroll (1964),MCZ,1695,MCZ 1695,Holotype,USA,USA,Valid,
Temnospondyli,N/A,N/A,N/A,N/A,N/A,N/A,N/A,N/A,N/A,Dissorophus,angustus,Dissorophus angustus,Carroll,1964,Carroll (1964),n/a,n/a,n/a,n/a,n/a,n/a,Outdated combination,"Dilkes erected the novel genus Diploseira for the type and only specimen of ""Dissorophus angustus""; the gender of the species name was also adjusted"
Temnospondyli,N/A,N/A,N/A,N/A,N/A,N/A,N/A,N/A,N/A,Dissorophus,articulatus,Dissorophus articulatus,Cope,1896,Cope (1896),n/a,n/a,n/a,n/a,n/a,n/a,Outdated combination?,holotype of D. multicinctus was described as D. articulatus without comment
Temnospondyli,Rhachitomi,N,N,N/A,Dissorophoidea,Olsoniformes,Dissorophidae,Dissorophinae,Dissorophidae,Dissorophus,multicinctus,Dissorophus multicinctus,Cope,1895,Cope (1895),AMNH,FARB 4593,AMNH FARB 4590,Holotype,USA,USA,Valid,
Temnospondyli,Rhachitomi,N,N,N/A,Dissorophoidea,Amphibamiformes,Amphibamidae,N/A,Amphibamidae,Doleserpeton,annectens,Doleserpeton annectens,Bolt,1969,Bolt (1969),FMNH,1308,FMNH 321/9/1,Holotype,USA,USA,Valid,
Temnospondyli,Rhachitomi,Stereospondylomorpha,Stereospondyli,Trematosauria,Trematosauroidea,N/A,Metoposauridae,N/A,Metoposauridae,Dutuitosaurus,ouazzoui,Dutuitosaurus ouazzoui,Dutuit,1976,Dutuit (1976),MNHN,XIII/18/66,MNHN XIII/18/66,Lectotype,France,Morocco,Valid,
Temnospondyli,Rhachitomi,N,N,Dvinosauria,Dvinosauroidea,N/A,Dvinosauridae,N/A,Dvinosauridae,Dvinosaurus,campbelli,Dvinosaurus campbelli,Gubin,2004,Gubin (2004),PIN,4818/426,PIN 4818/426,Holotype,Russia,Russia,Valid,
Temnospondyli,Rhachitomi,N,N,Dvinosauria,Dvinosauroidea,N/A,Dvinosauridae,N/A,Dvinosauridae,Dvinosaurus,egregius,Dvinosaurus egregius,Shishkin,1968,Shishkin (1968),PIN,1100/23,PIN 1100/23,Holotype,Russia,Russia,Valid,
Temnospondyli,Rhachitomi,N,N,Dvinosauria,Dvinosauroidea,N/A,Dvinosauridae,N/A,Dvinosauridae,Dvinosaurus,gubini,Dvinosaurus gubini,"Uliakhin, Novikov",2024,"Uliakhin, Novikov (2024)",PIN,5388/445,PIN 5388/445,Holotype,Russia,Russia,Valid,
Temnospondyli,Rhachitomi,N,N,Dvinosauria,Dvinosauroidea,N/A,Dvinosauridae,N/A,Dvinosauridae,Dvinosaurus,primus,Dvinosaurus primus,Amalitzky,1921,Amalitzky (1921),PIN,2005/39,PIN 2005/39,Lectotype,Russia,Russia,Valid,formerly Am/39
Temnospondyli,Rhachitomi,N,N,Dvinosauria,Dvinosauroidea,N/A,Dvinosauridae,N/A,Dvinosauridae,Dvinosaurus,purlensis,Dvinosaurus purlensis,Shishkin,1968,Shishkin (1968),PIN,1538/18,PIN 1538/18,Holotype,Russia,Russia,Valid,
Temnospondyli,N/A,N/A,N/A,N/A,N/A,N/A,N/A,N/A,N/A,Dvinosaurus,secundus,Dvinosaurus secundus,Amalitzky,1921,Amalitzky (1921),PIN,2005/40,PIN 2005/40,Holotype,Russia,Russia,Junior synonym,
Temnospondyli,N/A,N/A,N/A,N/A,N/A,N/A,N/A,N/A,N/A,Dvinosaurus,tertius,Dvinosaurus tertius,Amalitzky,1921,Amalitzky (1921),PIN,2005/41,PIN 2005/41,Holotype,Russia,Russia,Junior synonym,
Temnospondyli,Rhachitomi,N,N,N/A,Dissorophoidea,Olsoniformes,Trematopidae,N/A,Trematopidae,Ecolsonia,cutlerensis,Ecolsonia cutlerensis,Vaughn,1969b,Vaughn (1969b),UCLA,VP 1734,UCLA VP 1734,Holotype,USA,USA,Valid,
Temnospondyli,Rhachitomi,Stereospondylomorpha,Stereospondyli,Capitosauria,Capitosauroidea,N/A,N/A,N/A,Capitosauroidea,Edingerella,madagascariensis,Edingerella madagascariensis,Lehman,1961,Lehman (1961),MNHN,MAE.3003,MNHN MAE.3003,Holotype,France,Madagascar,Valid,
Temnospondyli,Rhachitomi,N,N,N/A,Edopoidea,N/A,Edopidae,N/A,Edopidae,Edops,craigi,Edops craigi,Romer,1936,Romer (1936),FMNH,UR 336,FMNH UR 279,Syntype*,USA,USA,Valid,second syntype is MCZ 1201
Temnospondyli,Rhachitomi,N,N,N/A,Dissorophoidea,N/A,Micromelerpetidae,N/A,Micromelerpetidae,Eimerisaurus,graumanni,Eimerisaurus graumanni,Boy,1980,Boy (1980),PIM,N 892,PIM-N 892,Holotype,Germany,Germany,Valid,
Temnospondyli,Rhachitomi,N,N,N/A,Dissorophoidea,N/A,Micromelerpetidae,N/A,Micromelerpetidae,Eimerisaurus,guembeli,Eimerisaurus guembeli,Reis,1913,Reis (1913),NHMM,PW 2001,NHMM PW 2001,Holotype,Germany,Germany,Valid,
Temnospondyli,N/A,N/A,N/A,N/A,N/A,N/A,N/A,N/A,N/A,Eobrachyops,towendae,Eobrachyops towendae,Watson,1956,Watson (1956),AMNH,FARB 2455,AMNH FARB 24419,Holotype,USA,USA,Junior synonym,
Temnospondyli,Rhachitomi,Stereospondylomorpha,Stereospondyli,Capitosauria,Capitosauroidea,N/A,Cyclotosauridae,Heylerosaurinae,Cyclotosauridae,Eocyclotosaurus,appetolatus,Eocyclotosaurus appetolatus,"Rinehart, Lucas, Schoch",2015,"Rinehart, Lucas, Schoch (2015)",NMMNH,P-64166,NMMNH P-64166,Holotype,USA,USA,Valid,
Temnospondyli,Rhachitomi,Stereospondylomorpha,Stereospondyli,Capitosauria,Capitosauroidea,N/A,Cyclotosauridae,Heylerosaurinae,Cyclotosauridae,Eocyclotosaurus,lehmani,Eocyclotosaurus lehmani,Heyler,1969,Heyler (1969),MNHN,uncatalogued,MNHN uncatalogued,Holotype,France,France,Valid,
Temnospondyli,Rhachitomi,Stereospondylomorpha,Stereospondyli,Capitosauria,Capitosauroidea,N/A,Cyclotosauridae,Heylerosaurinae,Capitosauroidea,Eocyclotosaurus,papilio,Eocyclotosaurus papilio,Wepfer,1923b,Wepfer (1923b),GIF?,uncatalogued,GIF? 1,Holotype,Germany,Germany,Valid,
Temnospondyli,Rhachitomi,Stereospondylomorpha,Stereospondyli,Capitosauria,Capitosauroidea,N/A,Cyclotosauridae,Heylerosaurinae,Cyclotosauridae,Eocyclotosaurus,wellesi,Eocyclotosaurus wellesi,Schoch,2000,Schoch (2000),UCMP,42841,UCMP 42841,Holotype,USA,USA,Valid,
Temnospondyli,Rhachitomi,Stereospondylomorpha,Stereospondyli,Capitosauria,Capitosauroidea,N/A,Cyclotosauridae,Heylerosaurinae,Cyclotosauridae,Eocyclotosaurus,woschmidti,Eocyclotosaurus woschmidti,Ortlam,1970,Ortlam (1970),SMNS,51562,SMNS 51562,Holotype,Germany,Germany,Valid,
Temnospondyli,Rhachitomi,Stereospondylomorpha,Stereospondyli,N/A,N/A,N/A,Lydekkerinidae,N/A,Lydekkerinidae,Eolydekkerina,magna,Eolydekkerina magna,"Shishkin, Rubidge, Kitching",1996,"Shishkin, Rubidge, Kitching (1996)",BP,1/0579,BP/1/F981,Holotype,South Africa,South Africa,Valid,
Temnospondyli,Rhachitomi,N,N,N/A,Dissorophoidea,Amphibamiformes,N/A,N/A,Amphibamiformes,Eoscopus,lockardi,Eoscopus lockardi,Daly,1994,Daly (1994),KUVP,80408,KUVP 80408,Holotype,USA,USA,Valid,
Temnospondyli,N/A,N/A,N/A,N/A,N/A,N/A,N/A,N/A,N/A,Epicordylus,erythroliticus,Epicordylus erythroliticus,Cope,1878,Cope (1878),AMNH,FARB 4280,AMNH FARB 4205,Holotype,USA,USA,Junior synonym,
Temnospondyli,N/A,N/A,N/A,N/A,N/A,N/A,N/A,N/A,N/A,Erpetosaurus,acutirostris,Erpetosaurus acutirostris,Moodie,1909b,Moodie (1909b),AMNH,FARB 6924,AMNH FARB 6923,Holotype,USA,USA,Junior synonym,
Temnospondyli,Rhachitomi,N,N,Dvinosauria,N/A,N/A,Trimerorhachidae,N/A,Trimerorhachidae,Erpetosaurus,radiatus,Erpetosaurus radiatus,Cope,1874,Cope (1874),AMNH,FARB 6922,AMNH FARB 6919,Holotype,USA,USA,Valid,
Temnospondyli,N/A,N/A,N/A,N/A,N/A,N/A,N/A,N/A,N/A,Erpetosaurus,tuberculatus,Erpetosaurus tuberculatus,Moodie,1909b,Moodie (1909b),AMNH,FARB 6952,AMNH FARB 6946,Holotype,USA,USA,Junior synonym,
Temnospondyli,N/A,N/A,N/A,N/A,N/A,N/A,N/A,N/A,N/A,Eryops,africanus,Eryops africanus,Lydekker,1890a,Lydekker (1890a),NHMUK,R.466,NHMUK R.466,Holotype,UK,South Africa,Junior synonym; outdated combination,Lydekker published the previously published type of Eryops oweni as the type of this species
Temnospondyli,N/A,N/A,N/A,N/A,N/A,N/A,N/A,N/A,N/A,Eryops,anatinus,Eryops anatinus,Broom,1913,Broom (1913),AMNH,FARB 4310,AMNH FARB 4309,Holotype,USA,USA,Junior synonym,
Temnospondyli,N/A,N/A,N/A,N/A,N/A,N/A,N/A,N/A,N/A,Eryops,ferricolus,Eryops ferricolus,,, (),n/a,n/a,n/a,n/a,n/a,n/a,Outdated combination,
Temnospondyli,Rhachitomi,N,N,Eryopiformes,Eryopoidea,N/A,Eryopidae,Eryopinae,Eryopidae,Eryops,grandis,Eryops grandis,Marsh,1878,Marsh (1878),MCZ,2731,MCZ 2731,Holotype,USA,USA,Valid,formerly YPM
Temnospondyli,N/A,N/A,N/A,N/A,N/A,N/A,N/A,N/A,N/A,Eryops,latus,Eryops latus,Case,1903,Case (1903),FMNH,UC 182,FMNH UC 1519,Holotype,USA,USA,Junior synonym,
Temnospondyli,Rhachitomi,N,N,Eryopiformes,Eryopoidea,N/A,Eryopidae,Eryopinae,Eryopidae,Eryops,megacephalus,Eryops megacephalus,Cope,1878,Cope (1878),AMNH,FARB 4189,AMNH FARB 4006,Holotype,USA,USA,Valid,
Temnospondyli,Rhachitomi,Stereospondylomorpha,Stereospondyli,N/A,N/A,N/A,Rhinesuchidae,N/A,Rhinesuchidae,Eryops,oweni,Eryops oweni,Lydekker,1890a,Lydekker (1890a),NHMUK,R.466,NHMUK R.466,Holotype,UK,South Africa,Nomen dubium,
Temnospondyli,N/A,N/A,N/A,N/A,N/A,N/A,N/A,N/A,N/A,Eryops,reticulatus,Eryops reticulatus,Cope,1881,Cope (1881),AMNH,FARB 4786,AMNH FARB 4785,Holotype,USA,USA,Junior synonym,
Temnospondyli,N/A,N/A,N/A,N/A,N/A,N/A,N/A,N/A,N/A,Eryops,willistoni,Eryops willistoni,Moodie,1911,Moodie (1911),KUVP,348,KUVP 348,Holotype,USA,USA,Junior synonym,"note Schoch & Milner (2014) used a cf. designation to species level, but previous workers have made this synonymy"
Temnospondyli,Rhachitomi,Stereospondylomorpha,Stereospondyli,Capitosauria,Capitosauroidea,N/A,Eryosuchidae,N/A,Eryosuchidae,Eryosuchus,antiquus,Eryosuchus antiquus,Ochev,1966,Ochev (1966),PIN,104/3515,PIN 104/3515,Holotype,Russia,Russia,Nomen dubium,
Temnospondyli,Rhachitomi,Stereospondylomorpha,Stereospondyli,Capitosauria,Capitosauroidea,N/A,Eryosuchidae,N/A,Eryosuchidae,Eryosuchus,garjainovi,Eryosuchus garjainovi,Ochev,1966,Ochev (1966),PIN,104/3521,PIN 104/3521,Holotype,Russia,Russia,Valid,
Temnospondyli,Rhachitomi,Stereospondylomorpha,Stereospondyli,Capitosauria,Capitosauroidea,N/A,Eryosuchidae,N/A,Eryosuchidae,Eryosuchus,tverdochlebovi,Eryosuchus tverdochlebovi,Ochev,1966,Ochev (1966),PIN,104/3090,PIN 104/3090,Holotype,Russia,Russia,Valid,
Temnospondyli,Rhachitomi,Stereospondylomorpha,Stereospondyli,Trematosauria,Trematosauroidea,N/A,N/A,N/A,Trematosauroidea,Erythrobatrachus,noonkanbahensis,Erythrobatrachus noonkanbahensis,"Cosgriff, Garbutt",1972,"Cosgriff, Garbutt (1972)",WAM,62.1.46,WAM 62.1.46,Holotype,Australia,Australia,Valid,
Temnospondyli,N,N,N,N/A,N/A,N/A,N/A,N/A,Temnospondyli,Euchirosaurus,rochei,Euchirosaurus rochei,Gaudry,1879,Gaudry (1879),MNHN,1879-6,MNHN 1879-6,Holotype,France,France,Nomen dubium,
Temnospondyli,N/A,N/A,N/A,N/A,N/A,N/A,N/A,N/A,N/A,Eueplor,browni,Eueplor browni,"Colbert, Imbrie",1956,"Colbert, Imbrie (1956)",n/a,n/a,n/a,n/a,n/a,n/a,Outdated combination,
Temnospondyli,Rhachitomi,Trematosauria,Stereospondyli,Trematosauria,Trematosauroidea,N/A,Metoposauridae,N/A,Metoposauridae,Eueplor,durus,Eueplor durus,Cope,1868,Cope (1868),AMNH,FARB 3927,AMNH FARB 3029,Holotype,USA,USA,Nomen dubium,
Temnospondyli,Rhachitomi,N,N,Dvinosauria,N/A,N/A,N/A,N/A,Dvinosauria,Eugyrinus,wildi,Eugyrinus wildi,Woodward,1891,Woodward (1891),MANCH,W.1222,MANCH W.1222,Holotype,UK,UK,Valid,
Temnospondyli,Rhachitomi,N,N,N/A,Dissorophoidea,Amphibamiformes,Branchiosauridae,N/A,Branchiosauridae,Eumicrerpeton,parvum,Eumicrerpeton parvum,Moodie,1910,Moodie (1910),YPM,VP 000803,YPM VP 000803,Holotype,USA,USA,Disputed (species),"at least some of the specimens referred to this taxon are regarded as either specimens of Amphibamus grandiceps or as indeterminate larvae (e.g., Milner, 1982; Boy, 1987; Schoch & Milner, 2014; Schoch, 2022)"
Temnospondyli,N/A,N/A,N/A,N/A,N/A,N/A,N/A,N/A,N/A,Eupelor,fraasi fraasi,Eupelor fraasi fraasi,"Colbert, Imbrie",1956,"Colbert, Imbrie (1956)",n/a,n/a,n/a,n/a,n/a,n/a,Outdated combination,
Temnospondyli,N/A,N/A,N/A,N/A,N/A,N/A,N/A,N/A,N/A,Eupelor,fraasi jonesi,Eupelor fraasi jonesi,"Colbert, Imbrie",1956,"Colbert, Imbrie (1956)",n/a,n/a,n/a,n/a,n/a,n/a,Outdated combination,
Temnospondyli,Rhachitomi,Stereospondylomorpha,Stereospondyli,Capitosauria,Capitosauroidea,N/A,Mastodonsauridae,N/A,Mastodonsauridae,Eurycervix,postumus,Eurycervix postumus,von Huene,1902,von Huene (1902),unknown,unknown,unknown,Type (unspecified),unknown,Germany,Nomen dubium,information unknown from literature available to me
Temnospondyli,Rhachitomi,N,N,N/A,N/A,N/A,N/A,N/A,Rhachitomi,Fayella,chickashaensis,Fayella chickashaensis,Olson,1965a,Olson (1965a),FMNH,UR 1004,FMNH UR 1002,Holotype,USA,USA,Nomen dubium,
Temnospondyli,Rhachitomi,N,N,N/A,Dissorophoidea,Olsoniformes,Trematopidae,N/A,Trematopidae,Fedexia,striegeli,Fedexia striegeli,"Berman, Henrici, Brezinski, Kollar",2010,"Berman, Henrici, Brezinski, Kollar (2010)",CM,76867,CM 41705,Holotype,USA,USA,Valid,
Temnospondyli,Rhachitomi,Stereospondylomorpha,Stereospondyli,N/A,Brachyopoidea,N/A,Brachyopidae,N/A,Brachyopidae,Ferganobatrachus,riabinini,Ferganobatrachus riabinini,Nessov,1990,Nessov (1990),TsNIGR,6/12217,TsNIGR 6/12217,Holotype,Russia,Kyrgyzstan,"Disputed (genus, species)","most workers do not consider the material sufficient to be diagnosed (but see Averianov et al., 2008, for usage)"
Temnospondyli,N/A,N/A,N/A,N/A,N/A,N/A,N/A,N/A,N/A,Gaudryia,latistoma,Gaudryia latistoma,Frič,1885a,Frič (1885a),unknown,unknown,unknown,Holotype,unknown,Czech Republic,Junior synonym,number and location of type unknown; cast is NMP 544
Temnospondyli,Rhachitomi,N,N,N/A,Dissorophoidea,Amphibamiformes,N/A,N/A,Amphibamiformes,Georgenthalia,clavinasica,Georgenthalia clavinasica,"Anderson, Henrici, Sumida, Martens, Berman",2008,"Anderson, Henrici, Sumida, Martens, Berman (2008)",MNG,11135,MNG 11135,Holotype,Germany,Germany,Valid,
Temnospondyli,Rhachitomi,N,N,N/A,Dissorophoidea,Amphibamiformes,N/A,N/A,Amphibamiformes,Gerobatrachus,hottoni,Gerobatrachus hottoni,"Anderson, Reisz, Scott, Fröbisch, Sumida",2008,"Anderson, Reisz, Scott, Fröbisch, Sumida (2008)",USNM,40971,USNM 40971,Holotype,USA,USA,Valid,
Temnospondyli,N/A,N/A,N/A,N/A,N/A,N/A,N/A,N/A,N/A,Gerrothorax,franconicus,Gerrothorax franconicus,Kuhn,1932,Kuhn (1932),unknown,unknown,unknown,Holotype,unknown,Germany,Junior synonym,type purportedly destroyed
Temnospondyli,Rhachitomi,Stereospondylomorpha,Stereospondyli,N/A,Brachyopoidea,N/A,Plagiosauridae,Plagiosaurinae,Plagiosauridae,Gerrothorax,pulcherrimus,Gerrothorax pulcherrimus,Fraas,1913,Fraas (1913),SMNS,12592,SMNS 12592,Holotype,Germany,Germany,Valid,
Temnospondyli,N/A,N/A,N/A,N/A,N/A,N/A,N/A,N/A,N/A,Gerrothorax,rhaeticus,Gerrothorax rhaeticus,Nilsson,1934,Nilsson (1934),LU,3176T,LU 3176T,Holotype,Sweden,Sweden,Junior synonym,
Temnospondyli,Rhachitomi,Stereospondylomorpha,,N/A,N/A,N/A,Sclerocephalidae,N/A,Sclerocephalidae,Glanochthon,angusta,Glanochthon angusta,"Schoch, Witzmann",2009b,"Schoch, Witzmann (2009b)",GPIM,N 1217,GPIM-N 1203,Holotype,Germany,Germany,Valid,
Temnospondyli,Rhachitomi,Stereospondylomorpha,,N/A,N/A,N/A,Sclerocephalidae,N/A,Sclerocephalidae,Glanochthon,latirostre,Glanochthon latirostre,Jordan,1849,Jordan (1849),GPIB,4,GPIB-4,Holotype,Germany,Germany,Valid,
Temnospondyli,Rhachitomi,Stereospondylomorpha,,N/A,N/A,N/A,Sclerocephalidae,N/A,Sclerocephalidae,Glanochthon,lellbachae,Glanochthon lellbachae,Krätschmer,2006,Krätschmer (2006),NHMM,2006/14,NHMM 2006/14,Holotype,Germany,Germany,Valid,
Temnospondyli,Rhachitomi,N,N,Eryopiformes,Eryopoidea,N/A,Eryopidae,Eryopinae,Eryopidae,Glaukerpeton,avinoffi,Glaukerpeton avinoffi,Romer,1952,Romer (1952),CM,8539,CM 76867,Holotype,USA,USA,Valid,
Temnospondyli,Rhachitomi,Stereospondylomorpha,Stereospondyli,Trematosauria,Trematosauroidea,N/A,N/A,N/A,Trematosauroidea,Glyptognathus,fragilis,Glyptognathus fragilis,Lydekker,1882,Lydekker (1882),GSI,4290,GSI 2257,Holotype,India,india,Nomen dubium,
Temnospondyli,Rhachitomi,Stereospondylomorpha,Stereospondyli,N/A,Brachyopoidea,N/A,Brachyopidae,N/A,Brachyopidae,Gobiops,desertus,Gobiops desertus,Shishkin,1991,Shishkin (1991),PIN,4174/102,PIN 4174/102,Holotype,Russia,Mongolia,Valid,
Temnospondyli,Rhachitomi,Stereospondylomorpha,Stereospondyli,N/A,N/A,N/A,Rhinesuchidae,N/A,Rhinesuchidae,Gondwanasaurus,bijoriensis,Gondwanasaurus bijoriensis,Lydekker,1885,Lydekker (1885),GSI,2202,GSI 2135,Holotype,India,india,Nomen dubium,
Temnospondyli,Rhachitomi,Stereospondylomorpha,Stereospondyli,Trematosauria,Trematosauroidea,N/A,N/A,N/A,Trematosauroidea,Gonioglyptus,huxleyi,Gonioglyptus huxleyi,Lydekker,1882,Lydekker (1882),GSI,4297,GSI 4290,Holotype,India,India,Nomen dubium,
Temnospondyli,Rhachitomi,Stereospondylomorpha,Stereospondyli,Trematosauria,Trematosauroidea,N/A,N/A,N/A,Trematosauroidea,Gonioglyptus,longirostris,Gonioglyptus longirostris,Huxley,1865,Huxley (1865),GSI,2135,GSI 18071,Holotype,India,India,Nomen dubium,
Temnospondyli,Rhachitomi,Stereospondylomorpha,Stereospondyli,N/A,Brachyopoidea,N/A,Brachyopidae,N/A,Brachyopidae,Hadrokkosaurus,bradyi,Hadrokkosaurus bradyi,Welles,1957,Welles (1957),UCMP,36199,UCMP 36199,Holotype,USA,USA,Valid,
Temnospondyli,N/A,N/A,N/A,N/A,N/A,N/A,N/A,N/A,N/A,Hemprichisaurus,keuperinus,Hemprichisaurus keuperinus,Jaekel,1914,Jaekel (1914),unknown,unknown,unknown,Type (unspecified),Germany,Germany,Junior synonym,
Temnospondyli,N/A,N/A,N/A,N/A,N/A,N/A,N/A,N/A,N/A,Heptasaurus,cappelensis,Heptasaurus cappelensis,Wepfer,1923,Wepfer (1923),n/a,n/a,n/a,n/a,n/a,n/a,Outdated combination,
Temnospondyli,N/A,N/A,N/A,N/A,N/A,N/A,N/A,N/A,N/A,Hercynosaurus,carinidens,Hercynosaurus carinidens,Jaekel,1914,Jaekel (1914),MB,"Am.570, 572, 573, 577","MB Am.570, 572, 573, 577",Syntypes,Germany,Germany,Junior synonym,
Temnospondyli,N,N,N,N/A,N/A,N/A,N/A,N/A,Temnospondyli,Hesperoherpeton,garnettense,Hesperoherpeton garnettense,"Eaton, Stewart",1960,Peabody (1958),KUVP,9976,KUVP 9976,Holotype,USA,USA,Nomen dubium,the only referred specimen was referred to Trematopidae indet. by Milner
Temnospondyli,Rhachitomi,Stereospondylomorpha,Stereospondyli,Capitosauria,N/A,N/A,N/A,N/A,Capitosauria,Huangfuchuansuchus,haojiamaoensis,Huangfuchuansuchus haojiamaoensis,"Chen, Liu",2025,"Chen, Liu (2025)",IVPP,V 31928 ,IVPP V 31928 ,Holotype,China,China,Valid,
Temnospondyli,N/A,N/A,N/A,N/A,N/A,N/A,N/A,N/A,N/A,Hylonomus,aciedentatus,Smilerpeton aciedentatum,Dawson,1860,Dawson (1860),RM,2.1125,RM 2.1125,Type (unspecified),Canada,Canada,Junior synonym,
Temnospondyli,Rhachitomi,Stereospondylomorpha,Stereospondyli,Trematosauria,Trematosauroidea,N/A,Trematosauridae,Lonchorhynchinae,Trematosauridae,Hyperokynodon,keuperinus,Hyperokynodon keuperinus,Plieninger,1852,Plieninger (1852),SMNS,16670,SMNS 16670,Holotype,Germany,Germany,Valid,
Temnospondyli,Rhachitomi,N,N,Eryopiformes,N/A,N/A,N/A,N/A,Eryopiformes,Iberospondylus,schultzei,Iberospondylus schultzei,"Laurin, Soler-Gijón",2001,"Laurin, Soler-Gijón (2001)",PU-ANF,14,PU-ANF 14,Holotype,Spain,Spain,Valid,
Temnospondyli,Rhachitomi,Stereospondyli,Stereospondyli,N/A,Brachyopoidea,N/A,Chigutisauridae,N/A,Chigutisauridae,Icanosaurus,rectifrons,Icanosaurus rectifrons,Rusconi,1950,Rusconi (1950),MCNA,2661,MCNA 2661,Holotype,Argentina,Argentina,Nomen dubium,holotype lost
N,N,N,N,N/A,N/A,N/A,N/A,N/A,Tetrapoda,Ichthycanthus,ohiensis,Ichthycanthus ohiensis,Cope,1877,Cope (1877),AMNH,FARB 5749,AMNH FARB 5661,Holotype,USA,USA,Nomen dubium,fossiliferous component/block missing
Temnospondyli,N/A,N/A,N/A,N/A,N/A,N/A,N/A,N/A,N/A,Ichthyerpetum,hibernicum,Ichthyerpetum hibernicum,Lydekker,1891,Lydekker (1891),NMI,F14713,NMI.F14713,Holotype,UK,UK,Junior synonym,formerly NMING F14713
Temnospondyli,N/A,N/A,N/A,N/A,N/A,N/A,N/A,N/A,N/A,Icthycanthus,platypus,Icthycanthus platypus,Cope,1877,Cope (1877),AMNH,FARB 2002,AMNH 4313,Holotype,USA,USA,Junior synonym,
Temnospondyli,Rhachitomi,Stereospondylomorpha,Stereospondyli,N/A,N/A,N/A,Rhytidosteidae,Derwentiinae,Rhytidosteidae,Indobrachyops,panchetensis,Indobrachyops panchetensis,"von Huene, Sahni",1958,"von Huene, Sahni (1958)",GSI,17754,GSI 14046,Holotype,India,India,Valid,
Temnospondyli,Rhachitomi,Stereospondylomorpha,Stereospondyli,Trematosauria,Trematosauroidea,N/A,N/A,N/A,Trematosauroidea,Indolyrocephalus,panchetensis,Indolyrocephalus panchetensis,Tripathi,1969,Tripathi (1969),GSI,17879,GSI 17878,Holotype,India,India,Nomen dubium,
Temnospondyli,Rhachitomi,Stereospondylomorpha,Stereospondyli,Trematosauria,Trematosauroidea,N/A,N/A,N/A,Trematosauroidea,Inflectosaurus,amplus,Inflectosaurus amplus,Shishkin,1960a,Shishkin (1960a),PIN,2242/1,PIN 2242/1,Holotype,Russia,Russia,Valid,
Temnospondyli,Rhachitomi,Stereospondylomorpha,N,N/A,N/A,N/A,Intasuchidae,N/A,Intasuchidae,Intasuchus,silvicola,Intasuchus silvicola,Konzhukova,1956,Konzhukova (1956),PIN,570/1,PIN 570/1,Holotype,Russia,Russia,Valid,
Temnospondyli,Rhachitomi,N,N,N/A,Dissorophoidea,Olsoniformes,Dissorophidae,N/A,Dissorophidae,Iratusaurus,vorax,Iratusaurus vorax,Gubin,1980,Gubin (1980),PIN,164/300,PIN 164/300,Holotype,Russia,Russia,Valid,
Temnospondyli,N/A,N/A,N/A,N/A,N/A,N/A,N/A,N/A,N/A,Isodectes,megalops,Isodectes megalops,Cope,1896c,Cope (1896c),AMNH,FARB 4329,AMNH FARB 4310,Holotype,USA,USA,Junior synonym,
Temnospondyli,Rhachitomi,N,N,Dvinosauria,Dvinosauroidea,N/A,Eobrachyopoidae,N/A,Eobrachyopoidae,Isodectes,obtusus,Isodectes obtusus,Cope,1868,Cope (1868),AMNH,FARB 6928,AMNH FARB 6924,Holotype,USA,USA,Valid,
Temnospondyli,Rhachitomi,Stereospondylomorpha,Stereospondyli,Capitosauria,Capitosauroidea,N/A,N/A,N/A,Capitosauroidea,Jammerbergia,formops,Jammerbergia formops,"Damiani, Hancox",2003,"Damiani, Hancox (2003)",NMQR,1436,NMQR 1436,Holotype,South Africa,South Africa,Valid,
Temnospondyli,Rhachitomi,Stereospondylomorpha,Stereospondyli,Trematosauria,Trematosauroidea,N/A,Metoposauridae,N/A,Metoposauridae,Kalamoiketor,pinkleyi,Kalamoiketor pinkleyi,"Branson, Mehl",1929,"Branson, Mehl (1929)",MU,554,MU 554,Holotype,USA,USA,Nomen dubium,
Temnospondyli,Rhachitomi,N,N,N/A,Dissorophoidea,Olsoniformes,Dissorophidae,Cacopinae,Dissorophidae,Kamacops,acervalis,Kamacops acervalis,Gubin,1980,Gubin (1980),PIN,3817/1,PIN 3817/1,Holotype,Russia,Russia,Valid,
Temnospondyli,Rhachitomi,Stereospondylomorpha,N,N/A,N/A,N/A,N/A,N/A,Stereospondylomorpha,Kashmirosaurus,ornatus,Kashmirosaurus ornatus,Woodward,1905,Woodward (1905),GSI,8672,GSI 4297,Holotype,India,India,Valid,
Temnospondyli,Rhachitomi,Stereospondylomorpha,Stereospondyli,N/A,Brachyopoidea,N/A,Chigutisauridae,N/A,Chigutisauridae,Keratobrachyops,australis,Keratobrachyops australis,Warren,1981,Warren (1981),QM,F10115,QM F10115,Holotype,Australia,Australia,Valid,
Temnospondyli,Rhachitomi,N,N,N/A,Dissorophoidea,Amphibamiformes,N/A,N/A,Amphibamiformes,Kermitops,gratus,Kermitops gratus,"So, Pardo, Mann",2024,"So, Pardo, Mann (2024)",USNM,407585,USNM 407585,Holotype,USA,USA,Valid,
Temnospondyli,Rhachitomi,Stereospondylomorpha,Stereospondyli,Capitosauria,Capitosauroidea,N/A,N/A,N/A,Capitosauroidea,Kestrosaurus,dreyeri,Kestrosaurus dreyeri,Haughton,1925,Haughton (1925),SAM-PK,3452,SAM-PK-3452,Holotype,South Africa,South Africa,Valid,
Temnospondyli,Rhachitomi,Stereospondylomorpha,Stereospondyli,Capitosauria,Capitosauroidea,N/A,N/A,N/A,Capitosauroidea,Kestrosaurus,kitchingi,Kestrosaurus kitchingi,"Shishkin, Rubidge, Hancox, Welman",2004,"Shishkin, Rubidge, Hancox, Welman (2004)",BP,1/5359,BP/1/4223,Holotype,South Africa,South Africa,Valid,
Temnospondyli,N/A,N/A,N/A,N/A,N/A,N/A,N/A,N/A,N/A,Klauswaldia,nobile,Klauswaldia nobile,"Krätschmer, Resch",2005,"Krätschmer, Resch (2005)",n/a,n/a,n/a,n/a,n/a,n/a,Outdated combination,
Temnospondyli,Rhachitomi,Stereospondylomorpha,N,N/A,N/A,N/A,N/A,N/A,Stereospondylomorpha,Koinia,silantjevi,Koinia silantjevi,Gubin,1993,Gubin (1993),PIN,4416/15,PIN 4416/15,Holotype,Russia,Russia,Valid,
Temnospondyli,Rhachitomi,Stereospondylomorpha,Stereospondyli,Capitosauria,Capitosauroidea,N/A,,,Capitosauroidea,Komatosuchus,chalyshevi,Komatosuchus chalyshevi,"Novikov, Shishkin",1992,"Novikov, Shishkin (1992)",PIN,4370/2,PIN 4370/2,Holotype,Russia,Russia,"Disputed (genus, species)","Russian workers consider this valid, whereas non-Russian workers largely regard it as undiagnostic"
Temnospondyli,Rhachitomi,Stereospondylomorpha,N,N/A,N/A,N/A,Konzhukoviidae,N/A,Konzhukoviidae,Konzhukovia,sangabrielensis,Konzhukovia sangabrielensis,"Pacheco, Eltink, Müller, Dias-da-Silva",2017,"Pacheco, Eltink, Müller, Dias-da-Silva (2017)",UNIPAMPA,PV 00137,UNIPAMPA PV 00137,Holotype,Brazil,Brazil,Valid,
Temnospondyli,Rhachitomi,Stereospondylomorpha,N,N/A,N/A,N/A,Konzhukoviidae,N/A,Konzhukoviidae,Konzhukovia,tarda,Konzhukovia tarda,Gubin,1991,Gubin (1991),PIN,1758/253,PIN 1758/253,Holotype,Russia,Russia,Valid,
Temnospondyli,Rhachitomi,Stereospondylomorpha,N,N/A,N/A,N/A,Konzhukoviidae,N/A,Konzhukoviidae,Konzhukovia,vetusta,Konzhukovia vetusta,Konzhukova,1955,Konzhukova (1955),PIN,520/1,PIN 520/1,Holotype,Russia,Russia,Valid,
Temnospondyli,Rhachitomi,Stereospondylomorpha,Stereospondyli,N/A,Brachyopoidea,N/A,Chigutisauridae,N/A,Chigutisauridae,Koolasuchus,cleelandi,Koolasuchus cleelandi,"Warren, Rich, Vickers-Rich",1997,"Warren, Rich, Vickers-Rich (1997)",NMV,P186213,NMV P186213,Holotype,Australia,Australia,Valid,
Temnospondyli,Rhachitomi,Stereospondylomorpha,N/A,N/A,N/A,N/A,N/A,N/A,Stereospondylomorpha,Korkonterpeton,kalnense,Korkonterpeton kalnense,"Werneburg, Stamberg, Steyer",2020,"Werneburg, Stamberg, Steyer (2020)",MHK,82447,MHK 82447,Holotype,Czech Republic,Czech Republic,Valid,
Temnospondyli,N/A,N/A,N/A,N/A,N/A,N/A,N/A,N/A,N/A,Koskinonodon,bakeri,Koskinonodon bakeri,,, (),n/a,n/a,n/a,n/a,n/a,n/a,Outdated combination,
Temnospondyli,N/A,N/A,N/A,N/A,N/A,N/A,N/A,N/A,N/A,Koskinonodon,princeps,Koskinonodon princeps,"Branson, Mehl",1929,"Branson, Mehl (1929)",MU,537,MU 537,Holotype,USA,USA,Junior synonym,
Temnospondyli,Rhachitomi,N,N,Dvinosauria,Dvinosauroidea,N/A,Tupilakosauridae,N/A,Tupilakosauridae,Kourerpeton,bradyi,Kourerpeton bradyi,"Olson, Lammers",1976,"Olson, Lammers (1976)",MMMN,V-600,MMMN V-600,Holotype,Canada,USA?,Valid,locality speculated to be Texas (USA)
Temnospondyli,Rhachitomi,Stereospondylomorpha,Stereospondyli,Capitosauria,Capitosauroidea,N/A,N/A,N/A,Capitosauroidea,Kryostega,collinsoni,Kryostega collinsoni,"Sidor, Damiani, Hammer",2008,"Sidor, Damiani, Hammer (2008)",AMNH,FARB 24419,AMNH FARB 24411,Holotype,USA,Antarctica,Valid,
Temnospondyli,Rhachitomi,Stereospondylomorpha,Stereospondyli,N/A,Brachyopoidea,N/A,Chigutisauridae,N/A,Chigutisauridae,Kuttycephalus,triangularis,Kuttycephalus triangularis,Sengupta,1995,Sengupta (1995),ISI,A 50,ISI A 50,Holotype,India,India,Valid,
Temnospondyli,Rhachitomi,Stereospondylomorpha,Stereospondyli,Trematosauria,Trematosauroidea,N/A,Benthosuchidae,N/A,Benthosuchidae,Kwatisuchus,rosai,Kwatisuchus rosai,"Pinheiro, Eltink, Paes-Neto, Machado, Simões, Pierce",2024,"Pinheiro, Eltink, Paes-Neto, Machado, Simões, Pierce (2024)",UNIPAMPA,765,UNIPAMPA 765,Holotype,Brazil,Brazil,Valid,
Temnospondyli,Rhachitomi,Stereospondylomorpha,Stereospondyli,N/A,N/A,N/A,N/A,N/A,Stereospondyli,Labyrinthodon,laniarius,Labyrinthodon laniarius,Owen,1842,Owen (1842),unknown,unknown,unknown,Holotype,unknown,UK,Nomen dubium,current location unknown
Temnospondyli,Rhachitomi,Stereospondylomorpha,Stereospondyli,N/A,N/A,N/A,N/A,N/A,Stereospondyli,Labyrinthodon,leptognathus,Labyrinthodon leptognathus,Owen,1842,Owen (1842),WARMS,Gz.38,WARMS Gz.38,Lectotype,UK,UK,Nomen dubium,
Temnospondyli,N/A,N/A,N/A,N/A,N/A,N/A,N/A,N/A,N/A,Labyrinthodon,ocella,Labyrinthodon ocella,von Meyer,1848,von Meyer (1848),unknown,unknown,unknown,Type (unspecified),unknown,Germany,Junior synonym,originally in Dunker collection (Germany); information unknown from literature available to me
Temnospondyli,Rhachitomi,Stereospondylomorpha,Stereospondyli,Capitosauria,Capitosauroidea,N/A,Cyclotosauridae,N/A,Cyclotosauridae,Labyrinthodon,pachygnathus,Labyrinthodon pachygnathus,Owen,1842,Owen (1842),WARMS,Gz.14,WARMS Gz.14,Holotype,UK,UK,Nomen dubium,
Temnospondyli,N/A,N/A,N/A,N/A,N/A,N/A,N/A,N/A,N/A,Labyrinthodon,panchetensis,Labyrinthodon panchetensis,Tripathi,1969,Tripathi (1969),n/a,n/a,n/a,n/a,n/a,n/a,Outdated combination,
Temnospondyli,N/A,N/A,N/A,N/A,N/A,N/A,N/A,N/A,N/A,Labyrinthodon,salamandroides,Labyrinthodon salamandroides,Owen,1842,Owen (1842),SMNS,55911,SMNS 55911,Lectotype,Germany,Germany,Junior synonym,lectotype is same as that of M. giganteus
Temnospondyli,Rhachitomi,Stereospondylomorpha,Stereospondyli,N/A,N/A,N/A,N/A,N/A,Stereospondyli,Labyrinthodon,ventricosus,Labyrinthodon ventricosus,Owen,1842,Owen (1842),unknown,unknown,unknown,Holotype,unknown,UK,Nomen dubium,current location unknown
Temnospondyli,N/A,N/A,N/A,N/A,N/A,N/A,N/A,N/A,N/A,Laccocephalus,inseperatus,Laccocephalus inseperatus,Watson,1919,Watson (1919),NHMUK,R.532,NHMUK R.532,Holotype,UK,South Africa,Junior synonym,
Temnospondyli,Rhachitomi,Stereospondylomorpha,Stereospondyli,N/A,N/A,N/A,Rhinesuchidae,Australerpetinae,Rhinesuchidae,Laccosaurus,watsoni,Laccosaurus watsoni,Haughton,1925,Haughton (1925),SAM-PK,4010,SAM-PK-4010,Holotype,South Africa,South Africa,Valid,
Temnospondyli,Rhachitomi,N,N,Dvinosauria,N/A,N/A,Trimerorhachidae,N/A,Trimerorhachidae,Lafonius,lehmani,Lafonius lehmani,Berman,1973,Berman (1973),CM,25474,CM unknown,Holotype,USA,USA,Valid,
Temnospondyli,Rhachitomi,Stereospondylomorpha,Stereospondyli,N/A,N/A,N/A,Rhytidosteidae,N/A,Rhytidosteidae,Laidleria,gracilis,Laidleria gracilis,Kitching,1957,Kitching (1957),AMG,4313,AMG F125866,Holotype,South Africa,South Africa,Valid,
Temnospondyli,Rhachitomi,Stereospondylomorpha,Stereospondyli,N/A,N/A,N/A,Lapillopsidae,N/A,Lapillopsidae,Lapillopsis,nana,Lapillopsis nana,"Warren, Hutchinson",1990,"Warren, Hutchinson (1990)",QM,F12284,QM F12284,Holotype,Australia,Australia,Valid,
Temnospondyli,Rhachitomi,Trematosauria,Stereospondyli,N/A,N/A,N/A,Latiscopidae,N/A,Latiscopidae,Latiscopus,disjunctus,Latiscopus disjunctus,Wilson,1948,Wilson (1948),UT-BEG,31025-182,UT-BEG 31025-182,Holotype,USA,USA,Nomen dubium,
Temnospondyli,N/A,N/A,N/A,N/A,N/A,N/A,N/A,N/A,N/A,Leptophractus,dentatus,Leptophractus dentatus,Moodie,1916,Moodie (1916),AMNH,FARB 6946,AMNH FARB 6929,Holotype,USA,USA,Junior synonym,
Temnospondyli,N/A,N/A,N/A,N/A,N/A,N/A,N/A,N/A,N/A,Leptorophus,levis,Leptorophus levis,Watson,1963,Watson (1963),CAMZM,T.19,CAMZM T.173,Holotype,UK,Germany,Junior synonym,
Temnospondyli,Rhachitomi,N,N,N/A,Dissorophoidea,Amphibamiformes,Branchiosauridae,Leptorophinae,Branchiosauridae,Leptorophus,raischi,Leptorophus raischi,Schoch,2014,Schoch (2014),UGKU,1800,UGKU 1800,Holotype,Germany,Germany,Valid,
Temnospondyli,Rhachitomi,N,N,N/A,Dissorophoidea,Amphibamiformes,Branchiosauridae,Leptorophinae,Branchiosauridae,Leptorophus,tener,Leptorophus tener,Schönfeld,1911,Schönfeld (1911),MMG,PzP1,MMG PzP1,Holotype,Germany,Germany,Valid,
Temnospondyli,N/A,N/A,N/A,N/A,N/A,N/A,N/A,N/A,N/A,Limnerpeton,macrolepis,Limnerpeton macrolepis,Frič,1881,Frič (1881),NMP,M472,NMP M472,Lectotype,Czech Republic,Czech Republic,Junior synonym,
Temnospondyli,Rhachitomi,N,N,N/A,Dissorophoidea,Amphibamiformes,N/A,N/A,Amphibamiformes,Limnerpeton,modestum,Limnerpeton modestum,Frič,1881,Frič (1881),NMP,M464,NMP M464,Holotype,Czech Republic,Czech Republic,Nomen dubium,
Temnospondyli,Rhachitomi,N,N,N/A,Dissorophoidea,N/A,Micromelerpetidae,N/A,Micromelerpetidae,Limnogyrinus,edani,Limnogyrinus edani,Werneburg,1989a,Werneburg (1989a),FG,321/8/157,FG 321/10/28,Holotype,Germany,Germany,Valid,
Temnospondyli,Rhachitomi,N,N,N/A,Dissorophoidea,N/A,Micromelerpetidae,N/A,Micromelerpetidae,Limnogyrinus,elegans,Limnogyrinus elegans,Frič,1881,Frič (1881),NMP,477,NMP 477,Holotype,Czech Republic,Czech Republic,Valid,
Temnospondyli,N/A,N/A,N/A,N/A,N/A,N/A,N/A,N/A,N/A,Limnoiketes,paludinatans,Limnoiketes paludinatans,Parrington,1948,Parrington (1948),CAMZM,T.214,CAMZMT.288,Holotype,UK,South Africa,Junior synonym,
Temnospondyli,N/A,N/A,N/A,N/A,N/A,N/A,N/A,N/A,N/A,Lonchorhynchus,oebergi,Lonchorhynchus oebergi,Wiman,1910,Wiman (1910),NRM,B.1,NRM B.1,Holotype,Sweden,Norway,Junior synonym,
Temnospondyli,N/A,N/A,N/A,N/A,N/A,N/A,N/A,N/A,N/A,Longiscitula,houghae,Longiscitula houghae,DeMar,1966,DeMar (1966),FMNH,UR 430,FMNH UR 38,Holotype,USA,USA,Junior synonym,
Temnospondyli,N/A,N/A,N/A,N/A,N/A,N/A,N/A,N/A,N/A,Lusor,tenellus,Lusor tenellus,Steen,1938,Steen (1938),NMP,M1387,NMP M1387,Holotype,Czech Republic,Czech Republic,Junior synonym,
Temnospondyli,Rhachitomi,Stereospondylomorpha,Stereospondyli,N/A,N/A,N/A,Lydekkerinidae,N/A,Lydekkerinidae,Luzocephalus,blomi,Luzocephalus blomi,Shishkin,1980,Shishkin (1980),PIN,3784/1,PIN 3784/1,Holotype,Russia,Russia,Valid,
Temnospondyli,N/A,N/A,N/A,N/A,N/A,N/A,N/A,N/A,N/A,Luzocephalus,johannsoni,Luzocephalus johannsoni,Säve-Söderbergh,1935,Säve-Söderbergh (1935),MGUH,At.28,MGUHAt.28,Holotype,Denmark,Greenland,Junior synonym,
Temnospondyli,Rhachitomi,Stereospondylomorpha,Stereospondyli,N/A,N/A,N/A,Lydekkerinidae,N/A,Lydekkerinidae,Lydekkerina,huxleyi,Lydekkerina huxleyi,Lydekker,1889,Lydekker (1889),NHMUK,R.507,NHMUK R.507,Holotype,UK,South Africa,Valid,
Temnospondyli,N/A,N/A,N/A,N/A,N/A,N/A,N/A,N/A,N/A,Lydekkerina,kitchingi,Lydekkerina kitchingi,Broom,1948,Broom (1948),BP,1/214,BP/1/213,Holotype,South Africa,South Africa,Junior synonym,
Temnospondyli,Rhachitomi,Stereospondylomorpha,Stereospondyli,Trematosauria,Trematosauroidea,N/A,N/A,N/A,Trematosauroidea,Lyrocephaliscus,euri,Lyrocephaliscus euri,Wiman,1913,Wiman (1913),PIU,U.1,PIU U.1,Holotype,Sweden,Norway,Valid,
Temnospondyli,N/A,N/A,N/A,N/A,N/A,N/A,N/A,N/A,N/A,Lyrocephalus,rapax,Lyrocephalus rapax,Säve-Söderbergh,1935,Säve-Söderbergh (1935),MGUH,At.19,MGUHAt.19,Holotype,Denmark,Greenland,Junior synonym,
Temnospondyli,N/A,N/A,N/A,N/A,N/A,N/A,N/A,N/A,N/A,Lysipterygium,deterrai,Lysipterygium deterrai,Branson,1935,Branson (1935),YPM,VP 002183,YPM VP 002183,Holotype,USA,Kashmir,Junior synonym,
Temnospondyli,N,N,N,N/A,N/A,N/A,N/A,N/A,Temnospondyli,Lysipterygium,risinense,Lysipterygium risinense,"Wadia, Swinton",1928,"Wadia, Swinton (1928)",GSI,14046,GSI N 832,Holotype,India,India,Valid,
Temnospondyli,Rhachitomi,N,N,N/A,N/A,N/A,N/A,N/A,Rhachitomi,Macrerpeton,huxleyi,Macrerpeton huxleyi,Cope,1874,Cope (1874),AMNH,FARB 6834,AMNH FARB 5749,Holotype,USA,USA,Valid,
Temnospondyli,N,N,N,N/A,N/A,N/A,N/A,N/A,Temnospondyli,Macromerion,abbreviatum,Macromerion abbreviatum,Frič,1885b,Frič (1885b),NMP,596,NMP 596,Holotype,Czech Republic,Czech Republic,Nomen dubium,
Temnospondyli,N,N,N,N/A,N/A,N/A,N/A,N/A,Temnospondyli,Macromerion,bicolor,Macromerion bicolor,Frič,1885b,Frič (1885b),NMP,593,NMP 593,Holotype,Czech Republic,Czech Republic,Nomen dubium,
Temnospondyli,N/A,N/A,N/A,N/A,N/A,N/A,N/A,N/A,N/A,Macromerion,guembeli,Macromerion guembeli,Ammon,1889,Ammon (1889),BSP,uncatalogued,BSP BT uncatalogued,Holotype,Germany,Germany,Junior synonym,formerly at BSP (destroyed)
Temnospondyli,N/A,N/A,N/A,N/A,N/A,N/A,N/A,N/A,N/A,Macromerion,juvenile,Macromerion juvenile,Frič,1885b,Frič (1885b),NMP,595,NMP 595,Type (unspecified),Czech Republic,Czech Republic,Junior synonym,
Temnospondyli,N,N,N,N/A,N/A,N/A,N/A,N/A,Temnospondyli,Macromerion,pauperum,Macromerion pauperum,Frič,1885b,Frič (1885b),NMP,uncatalogued,NMP uncatalogued,Holotype,Czech Republic,Czech Republic,Nomen dubium,
N,N,N,N,N/A,N/A,N/A,N/A,N/A,Tetrapoda,Macromerium,bayeri,Macromerium bayeri,Frič,1885,Frič (1885),NHMUK,R.1467,NHMUK R.1467,Holotype,UK,Czech Republic,Nomen dubium,questionably temnospondyl
Temnospondyli,N/A,N/A,N/A,N/A,N/A,N/A,N/A,N/A,N/A,Mahavisaurus,australis,Mahavisaurus australis,Lehman,1966,Lehman (1966),MNHN,MAE 3048,MNHN MAE 3048,Holotype,France,Madagascar,Junior synonym,"Schoch & Milner (2000:83) list the holotype as MNHN MAE 3038, not MAE 3048"
Temnospondyli,Rhachitomi,Stereospondylomorpha,Stereospondyli,N/A,N/A,N/A,Rhytidosteidae,N/A,Rhytidosteidae,Mahavisaurus,dentatus,Mahavisaurus dentatus,Lehman,1966,Lehman (1966),MNHN,MAE 3037,MNHN MAE 3037,Holotype,France,Madagascar,Valid,
Temnospondyli,Rhachitomi,Stereospondylomorpha,Stereospondyli,N/A,N/A,N/A,Lapillopsidae,N/A,Lapillopsidae,Manubrantlia,khaki,Manubrantlia khaki,"Yates, Sengupta",2002,"Yates, Sengupta (2002)",ISI,A 57,ISI A 57,Holotype,India,India,Valid,
Temnospondyli,N/A,N/A,N/A,N/A,N/A,N/A,N/A,N/A,N/A,Mastodonsaurus,acuminatus,Mastodonsaurus acuminatus,Fraas,1889,Fraas (1889),unknown,unknown,unknown,Type (unspecified),unknown,Germany,Junior synonym,information unknown from literature available to me
Temnospondyli,Rhachitomi,Stereospondylomorpha,Stereospondyli,Capitosauria,Capitosauroidea,N/A,Mastodonsauridae,N/A,Mastodonsauridae,Mastodonsaurus,cappelensis,Mastodonsaurus cappelensis,Wepfer,1923a,Wepfer (1923a),STIPB,R-390,STIPB-R-390,Lectotype,Germany,Germany,Valid,compare Schoch & Milner (2000) with Damiani (2001a)
Temnospondyli,N/A,N/A,N/A,N/A,N/A,N/A,N/A,N/A,N/A,Mastodonsaurus,cyclotis,Mastodonsaurus cyclotis,Quenstedt,1850,Quenstedt (1850),n/a,n/a,n/a,n/a,n/a,n/a,Outdated combination,Quenstedt (1850) referred the same material to two taxa
Temnospondyli,Rhachitomi,Stereospondylomorpha,Stereospondyli,Capitosauria,Capitosauroidea,N/A,Mastodonsauridae,N/A,Mastodonsauridae,Mastodonsaurus,giganteus,Mastodonsaurus giganteus,Jaeger,1828,Jaeger (1828),SMNS,55911,SMNS 55911,Lectotype,Germany,Germany,Valid,
Temnospondyli,Rhachitomi,Stereospondylomorpha,Stereospondyli,Capitosauria,Capitosauroidea,N/A,N/A,N/A,Capitosauroidea,Mastodonsaurus,indicus,Mastodonsaurus indicus,Lydekker,1890b,Lydekker (1890b),IM,H20/6,IM H20/6,Holotype,India,India,Nomen dubium,
Temnospondyli,N/A,N/A,N/A,N/A,N/A,N/A,N/A,N/A,N/A,Mastodonsaurus,ingens,Mastodonsaurus ingens,Trusheim,1937,Trusheim (1937),unknown,unknown,unknown,Type (unspecified),unknown,Germany,Nomen dubium,"suggested to be a junior synonym of M. cappelensis by Schoch (1999), but this was not addressed in the revision of the taxon by Schoch et al. (2023); information unknown from literature available to me"
Temnospondyli,N/A,N/A,N/A,N/A,N/A,N/A,N/A,N/A,N/A,Mastodonsaurus,jaegeri,Mastodonsaurus jaegeri,Holl,1829,Holl (1829),SMNS,55911,SMNS 55911,Lectotype,Germany,Germany,Junior synonym,lectotype is same as that of M. giganteus
Temnospondyli,Rhachitomi,Stereospondylomorpha,Stereospondyli,Capitosauria,Capitosauroidea,N/A,N/A,N/A,Capitosauroidea,Mastodonsaurus,keuperinus,Mastodonsaurus keuperinus,Fraas,1889,Fraas (1889),SMNS,4937,SMNS 4937,Type (unspecified),Germany,Germany,Nomen dubium,type was likely not designated by Fraas; this is one of the originally referred specimens
Temnospondyli,Rhachitomi,Stereospondylomorpha,Stereospondyli,Capitosauria,Capitosauroidea,N/A,Mastodonsauridae,N/A,Mastodonsauridae,Mastodonsaurus,lavisi,Mastodonsaurus lavisi,Seeley,1876,Seeley (1876),NHMUK,R.4215,NHMUK R.4215,Holotype,UK,UK,Nomen dubium,
Temnospondyli,N/A,N/A,N/A,N/A,N/A,N/A,N/A,N/A,N/A,Mastodonsaurus,maximus,Mastodonsaurus maximus,Ochev,1958,Ochev (1958),unknown,unknown,unknown,Type (unspecified),unknown,Russia,Junior synonym,information unknown from literature available to me
Temnospondyli,Rhachitomi,Stereospondylomorpha,Stereospondyli,N/A,N/A,N/A,N/A,N/A,Stereospondyli,Mastodonsaurus,meyeri,Mastodonsaurus meyeri,Muenster,1834,Muenster (1834),unknown,unknown,unknown,Holotype,unknown,Germany,Nomen dubium,
Temnospondyli,Rhachitomi,Stereospondylomorpha,Stereospondyli,Capitosauria,Capitosauroidea,N/A,N/A,N/A,Capitosauroidea,Mastodonsaurus,silesiacus,Mastodonsaurus silesiacus,Kunisch,1885,Kunisch (1885),unknown,unknown,unknown,Holotype,unknown,Poland,Nomen dubium,"no specimen number defined in Schoch & Milner (2000); Damiani (2001a) suggested it as a junior synonym of Parotosuchus nasutus, but it was not included in Schoch's (2018) latest revision"
Temnospondyli,Rhachitomi,Stereospondylomorpha,Stereospondyli,Capitosauria,Capitosauroidea,N/A,Mastodonsauridae,N/A,Mastodonsauridae,Mastodonsaurus,torvus,Mastodonsaurus torvus,Konzhukova,1955,Konzhukova (1955),PIN,415/1,PIN 415/1,Holotype,Russia,Russia,Valid,
Temnospondyli,Rhachitomi,Stereospondylomorpha,Stereospondyli,Capitosauria,Capitosauroidea,N/A,Mastodonsauridae,N/A,Mastodonsauridae,Mastodonsaurus,vaslenensis,Mastodonsaurus vaslenensis,von Meyer,1847-1855,von Meyer (1847-1855),unknown,unknown,unknown,Type (unspecified),unknown,France,Nomen dubium,"information unknown from literature available to me, sometimes considered a possible senior synonym of Mastodonsaurus cappelensis"
Temnospondyli,N/A,N/A,N/A,N/A,N/A,N/A,N/A,N/A,N/A,Mastodonsaurus,weigelti,Mastodonsaurus weigelti,Wagner,1935,Wagner (1935),GIH,BS1,GIH uncatalogued,Type (unspecified),Germany,Germany,Junior synonym,
Temnospondyli,Rhachitomi,Stereospondylomorpha,Stereospondyli,Capitosauria,Capitosauroidea,N/A,N/A,N/A,Capitosauroidea,Mastondosaurus,andriani,Mastondosaurus andriani,Muenster,1839,Muenster (1839),BSP,BT uncatalogued,BSP BT 14,Holotype,Germany,Germany,Nomen dubium,
Temnospondyli,Rhachitomi,N,N,N/A,Dissorophoidea,Olsoniformes,Trematopidae,N/A,Trematopidae,Mattauschia,laticeps,Mattauschia laticeps,Frič,1881,Frič (1881),NMP,M470/471,NMP M470/471,Lectotype,Czech Republic,Czech Republic,Valid,
Temnospondyli,N/A,N/A,N/A,N/A,N/A,N/A,N/A,N/A,N/A,Mazonerpeton,longicaudatum,Mazonerpeton longicaudatum,Moodie,1912,Moodie (1912),YPM,VP 000795,YPM VP 000795,Holotype,USA,USA,Junior synonym,
Temnospondyli,Rhachitomi,Stereospondylomorpha,Stereospondyli,N/A,Brachyopoidea,N/A,Plagiosauridae,Plagiosterninae,Plagiosauridae,Megalophthalma,ockerti,Megalophthalma ockerti,"Schoch, Milner, Witzmann",2014,"Schoch, Milner, Witzmann (2014)",MHI,2047,MHI 2047,Holotype,Germany,Germany,Valid,
Temnospondyli,Rhachitomi,N,N,N/A,Dissorophoidea,Amphibamiformes,Branchiosauridae,Leptorophinae,Branchiosauridae,Melanerpeton,arnhardti,Melanerpeton arnhardti,Werneburg,1988a,Werneburg (1988a),NHMS,195/43-44,NHMS 195/43-44,Holotype,Germany,Germany,Valid,
Temnospondyli,Rhachitomi,N,N,N/A,Dissorophoidea,Amphibamiformes,Branchiosauridae,Leptorophinae,Branchiosauridae,Melanerpeton,eisfeldi,Melanerpeton eisfeldi,Werneburg,1988b,Werneburg (1988b),MNG,2992-68,MNG 2992-68,Holotype,Germany,Germany,Valid,
Temnospondyli,Rhachitomi,N,N,N/A,Dissorophoidea,Amphibamiformes,Branchiosauridae,Leptorophinae,Branchiosauridae,Melanerpeton,humbergense,Melanerpeton humbergense,Boy,1978,Boy (1978),GPIM,N 832,GPIM-N 2013,Holotype,Germany,Germany,Valid,
Temnospondyli,Rhachitomi,N,N,N/A,Dissorophoidea,Amphibamiformes,Branchiosauridae,Leptorophinae,Branchiosauridae,Melanerpeton,pusillum,Melanerpeton pusillum,Frič,1878,Frič (1878),NMP,433,NMP 433,Holotype,Czech Republic,Czech Republic,Valid,
Temnospondyli,Rhachitomi,N,N,N/A,Dissorophoidea,Amphibamiformes,Branchiosauridae,Leptorophinae,Branchiosauridae,Melanerpeton,sembachense,Melanerpeton sembachense,Werneburg,1989a,Werneburg (1989a),FG,321/8/198,FG 321/8/157,Holotype,Germany,Germany,Valid,
Temnospondyli,N/A,N/A,N/A,N/A,N/A,N/A,N/A,N/A,N/A,Melanerpeton,spiniceps,Melanerpeton spiniceps,"Geneitz, Deichmüller",1882,"Geneitz, Deichmüller (1882)",unknown,unknown,unknown,Type (unspecified),unknown,unknown,Junior synonym,information unknown from literature available to me
Temnospondyli,Rhachitomi,Stereospondylomorpha,Stereospondyli,N/A,Brachyopoidea,N/A,Plagiosauridae,Plagiosterninae,Plagiosauridae,Melanopelta,antiqua,Melanopelta antiqua,Shishkin,1967,Shishkin (1967),PIN,1584/7,PIN 1584/7,Holotype,Russia,Russia,Valid,
Temnospondyli,Rhachitomi,Stereospondylomorpha,N/A,N/A,N/A,N/A,N/A,N/A,Stereospondylomorpha,Melosaurus,compilatus,Melosaurus compilatus,Golubev,1995,Golubev (1995),PIN,4276/60,PIN 4276/60,Holotype,Russia,Russia,Valid,
Temnospondyli,Rhachitomi,Stereospondylomorpha,N/A,N/A,N/A,N/A,N/A,N/A,Stereospondylomorpha,Melosaurus,kamaensis,Melosaurus kamaensis,Gubin,1991,Gubin (1991),PIN,683/1,PIN 683/1,Holotype,Russia,Russia,Valid,
Temnospondyli,Rhachitomi,Stereospondylomorpha,N/A,N/A,N/A,N/A,N/A,N/A,Stereospondylomorpha,Melosaurus,platyrhinus,Melosaurus platyrhinus,Golubev,1995,Golubev (1995),PIN,161/1,PIN 161/1,Holotype,Russia,Russia,Valid,
Temnospondyli,Rhachitomi,Stereospondylomorpha,N/A,N/A,N/A,N/A,N/A,N/A,Stereospondylomorpha,Melosaurus,uralensis,Melosaurus uralensis,von Meyer,1857,von Meyer (1857),MB,Am.334,MB.Am.334,Holotype,Germany,Russia,Valid,
Temnospondyli,Rhachitomi,Stereospondylomorpha,N,N/A,N/A,N/A,N/A,N/A,Stereospondylomorpha,Memonomenos,dyscriton,Memonomenos dyscriton,Steen,1938,Steen (1938),NMP,6163,NMP M392,Holotype,Czech Republic,Czech Republic,Valid,
Temnospondyli,Rhachitomi,Stereospondylomorpha,N,N/A,N/A,N/A,N/A,N/A,Stereospondylomorpha,Memonomenos,amelangi,Memonomenos dyscriton,"Werneburg, Schoch",2024,"Werneburg, Schoch (2024)",NHMS,WP10000a-j,NHMS-WP10000a-j,Holotype,Czech Republic,Czech Republic,Valid,
Temnospondyli,Rhachitomi,Stereospondylomorpha,Stereospondyli,Capitosauria,Capitosauroidea,N/A,N/A,N/A,Capitosauroidea,Mentosaurus,waltheri,Mentosaurus waltheri,Roepke,1930,Roepke (1930),n/a,n/a,n/a,n/a,n/a,Germany,Nomen vanum,
Temnospondyli,Rhachitomi,Stereospondylomorpha,Stereospondyli,Trematosauria,Trematosauroidea,N/A,Metoposauridae,N/A,Metoposauridae,Metopias,stuttgartensis,Metopias stuttgartensis,Fraas,1913,Fraas (1913),SMNS,"11423, 12713, 12714","SMNS 11423, 12713, 12714",Syntypes,Germany,Germany,Nomen dubium,
Temnospondyli,Rhachitomi,Stereospondylomorpha,Stereospondyli,Trematosauria,Trematosauroidea,N/A,Metoposauridae,N/A,Metoposauridae,Metoposaurus,algarvensis,Metoposaurus algarvensis,"Brusatte, Butler, Mateus, Steyer",2015,"Brusatte, Butler, Mateus, Steyer (2015)",FCT-UNL,600,FCT-UNL 1598,Holotype,Portugal,Portugal,Valid,
Temnospondyli,N/A,N/A,N/A,N/A,N/A,N/A,N/A,N/A,N/A,Metoposaurus,azerouali,Metoposaurus azerouali,Dutuit,1976,Dutuit (1976),n/a,n/a,n/a,n/a,n/a,n/a,Outdated combination,
Temnospondyli,N/A,N/A,N/A,N/A,N/A,N/A,N/A,N/A,N/A,Metoposaurus,bakeri,Metoposaurus bakeri,,, (),n/a,n/a,n/a,n/a,n/a,n/a,Outdated combination,
Temnospondyli,N/A,N/A,N/A,N/A,N/A,N/A,N/A,N/A,N/A,Metoposaurus,browni,Metoposaurus browni,Chowdhury,1965,Chowdhury (1965),n/a,n/a,n/a,n/a,n/a,n/a,Outdated combination,
Temnospondyli,Rhachitomi,Stereospondylomorpha,Stereospondyli,Trematosauria,Trematosauroidea,N/A,Metoposauridae,N/A,Metoposauridae,Metoposaurus,diagnosticus,Metoposaurus diagnosticus,von Meyer,1842,von Meyer (1842),SMNS,10825,SMNS 10825,Holotype,Germany,Germany,Valid,
Temnospondyli,N/A,N/A,N/A,N/A,N/A,N/A,N/A,N/A,N/A,Metoposaurus,diagnosticus diagnosticus,Metoposaurus diagnosticus diagnosticus,Sulej,2002,Sulej (2002),n/a,n/a,n/a,n/a,n/a,n/a,Outdated combination,
Temnospondyli,N/A,N/A,N/A,N/A,N/A,N/A,N/A,N/A,N/A,Metoposaurus,diagnosticus krasiejowensis,Metoposaurus diagnosticus krasiejowensis,Sulej,2002,Sulej (2002),n/a,n/a,n/a,n/a,n/a,n/a,Outdated combination,
Temnospondyli,Rhachitomi,Stereospondylomorpha,Stereospondyli,Trematosauria,Trematosauroidea,N/A,Metoposauridae,N/A,Metoposauridae,Metoposaurus,durus,Metoposaurus durus,Cope,1866,Cope (1866),unknown,unknown,unknown,Holotype,USA,USA,Newer combination of a nomen dubium,type presumed to be among AMNH specimens
Temnospondyli,Rhachitomi,Trematosauria,Stereospondyli,Trematosauria,Trematosauroidea,N/A,Metoposauridae,N/A,Metoposauridae,Metoposaurus,fraasi,Metoposaurus fraasi,Lucas,1904,Lucas (1904),USNM,2152,USNM 2152,Holotype,USA,USA,Nomen dubium,
Temnospondyli,N/A,N/A,N/A,N/A,N/A,N/A,N/A,N/A,N/A,Metoposaurus,fraasi fraasi,Metoposaurus fraasi fraasi,Chowdhury,1965,Chowdhury (1965),n/a,n/a,n/a,n/a,n/a,n/a,Outdated combination,
Temnospondyli,N/A,N/A,N/A,N/A,N/A,N/A,N/A,N/A,N/A,Metoposaurus,fraasi jonesi,Metoposaurus fraasi jonesi,Chowdhury,1965,Chowdhury (1965),n/a,n/a,n/a,n/a,n/a,n/a,Outdated combination,
Temnospondyli,Rhachitomi,Stereospondylomorpha,Stereospondyli,Trematosauria,Trematosauroidea,N/A,Metoposauridae,N/A,Metoposauridae,Metoposaurus,heimi,Metoposaurus heimi,Kuhn,1932,Kuhn (1932),BSP,1931 X 3,BSP 1931 X 1,Holotype,Germany,Germany,Nomen dubium,formerly at BSP (destroyed)
Temnospondyli,Rhachitomi,Stereospondylomorpha,Stereospondyli,Trematosauria,Trematosauroidea,N/A,Metoposauridae,N/A,Metoposauridae,Metoposaurus,hoffmani,Metoposaurus hoffmani,Dutuit,1978,Dutuit (1978),MNHN,"MAI-1, 2, 3, 4","MNHN MAI-1, 2, 3, 4",Syntypes,France,Madagascar,Nomen dubium,original institutional abbreviation was 'MAD' but unclear what this referred to (could have been 'Madagascar' and thus not an institution at all)
Temnospondyli,Rhachitomi,Stereospondylomorpha,Stereospondyli,Trematosauria,Trematosauroidea,N/A,Metoposauridae,N/A,Metoposauridae,Metoposaurus,jonesi,Metoposaurus jonesi,Case,1920,Case (1920),UMMP,3814,UMMP 3814,Holotype,USA,USA,Nomen dubium,
Temnospondyli,Rhachitomi,Stereospondylomorpha,Stereospondyli,Trematosauria,Trematosauroidea,N/A,Metoposauridae,N/A,Metoposauridae,Metoposaurus,krasiejowensis,Metoposaurus krasiejowensis,Sulej,2002,Sulej (2002),ZPAL,AbIII/358,ZPAL AbIII/358,Holotype,Poland,Poland,Valid,elevated from subspecies differentiation used by Sulej by Brusatte et al. (2015)
Temnospondyli,N/A,N/A,N/A,N/A,N/A,N/A,N/A,N/A,N/A,Metoposaurus,lyazidi,Metoposaurus lyazidi,Dutuit,1976,Dutuit (1976),n/a,n/a,n/a,n/a,n/a,n/a,Outdated combination,
Temnospondyli,N/A,N/A,N/A,N/A,N/A,N/A,N/A,N/A,N/A,Metoposaurus,ouazzoui,Metoposaurus ouazzoui,Dutuit,1976,Dutuit (1976),n/a,n/a,n/a,n/a,n/a,n/a,Outdated combination,
Temnospondyli,Rhachitomi,Stereospondylomorpha,Stereospondyli,Trematosauria,Trematosauroidea,N/A,Metoposauridae,N/A,Metoposauridae,Metoposaurus,santaecrucis,Metoposaurus santaecrucis,Koken,1913,Koken (1913),GPIT,?,GIPT ?,Holotype,Germany,Italy,Disputed (species),"Schoch & Milner (2000) diagnosed the species, but metoposaurid workers have consistently regarded it as a nomen dubium following Hunt (1993)"
Temnospondyli,N/A,N/A,N/A,N/A,N/A,N/A,N/A,N/A,N/A,Metoposaurus,ultimus,Metoposaurus ultimus,Kuhn,1939a,Kuhn (1939a),unknown,unknown,unknown,Type (unspecified),unknown,Germany,Junior synonym,information unknown from literature available to me
Temnospondyli,Rhachitomi,Stereospondylomorpha,Stereospondyli,Capitosauria,Capitosauroidea,N/A,N/A,N/A,Cyclotosauridae,Meyerosuchus,fuerstenbergianus,Meyerosuchus fuerstenbergianus,von Meyer,1847-1855,von Meyer (1847-1855),FSD,1,FSD-UR 702,Holotype,Germany,Germany,Valid,
Temnospondyli,N/A,N/A,N/A,N/A,N/A,N/A,N/A,N/A,N/A,Micrerpeton,caudatum,Micrerpeton caudatum,Moodie,1909a,Moodie (1909a),FMNH,UR 38,FMNH UR 336,Holotype,USA,USA,Junior synonym,
Temnospondyli,Rhachitomi,N,N,N/A,Dissorophoidea,N/A,Micromelerpetidae,N/A,Micromelerpetidae,Micromelerpeton,boyi,Micromelerpeton boyi,Heyler,1994,Heyler (1994),MNHN,AUT 611,MNHN AUT 611,Holotype,France,France,Valid,
Temnospondyli,Rhachitomi,N,N,N/A,Dissorophoidea,N/A,Micromelerpetidae,N/A,Micromelerpetidae,Micromelerpeton,credneri,Micromelerpeton credneri,"Bulman, Whittard",1926,"Bulman, Whittard (1926)",CAMZM,T.16,CAMZM uncatalogued,Lectotype,UK,Germany,Valid,
Temnospondyli,Rhachitomi,N,N,N/A,Dissorophoidea,N/A,Micromelerpetidae,N/A,Micromelerpetidae,Micromelerpeton,ulmetense,Micromelerpeton ulmetense,Boy,2002a,Boy (2002a),GPIM,N 2013,GPIM-N 1217,Holotype,Germany,Germany,Valid,
Temnospondyli,Rhachitomi,N,N,N/A,Dissorophoidea,Amphibamiformes,Micropholidae,N/A,Micropholidae,Micropholis,stowi,Micropholis stowi,Huxley,1859,Huxley (1859),NHMUK,R.4382,NHMUK R.4382,Holotype,South Africa,South Africa,Valid,
Temnospondyli,Rhachitomi,Stereospondylomorpha,Stereospondyli,Trematosauria,Trematosauroidea,N/A,N/A,N/A,Trematosauroidea,Microposaurus,averyi,Microposaurus averyi,Warren,2012,Warren (2012),AM,F.135895,#REF!,Holotype,Australia,Australia,Valid,
Temnospondyli,Rhachitomi,Stereospondylomorpha,Stereospondyli,Trematosauria,Trematosauroidea,N/A,N/A,N/A,Trematosauroidea,Microposaurus,casei,Microposaurus casei,Haughton,1925,Haughton (1925),SAM-PK,6556,SAM-PK-6556,Holotype,South Africa,South Africa,Valid,
Temnospondyli,Rhachitomi,N,N,N/A,Dissorophoidea,Amphibamiformes,Branchiosauridae,N/A,Branchiosauridae,Milnererpeton,huberi,Milnererpeton huberi,"Hunt, Lucas, Berman",2002,"Hunt, Lucas, Berman (2002)",NMMNH,P-3696,NMMNH P-3696,Holotype,USA,USA,Valid,
Temnospondyli,N/A,N/A,N/A,N/A,N/A,N/A,N/A,N/A,N/A,Milneria,huberi,Milneria huberi,"Hunt, Lucas, Berman",1996,"Hunt, Lucas, Berman (1996)",n/a,n/a,n/a,n/a,n/a,n/a,Outdated combination; original genus name preoccupied,
Temnospondyli,N/A,N/A,N/A,N/A,N/A,N/A,N/A,N/A,N/A,Miobatrachus,romeri,Miobatrachus romeri,Watson,1940,Watson (1940),FMNH,UC 2000,FMNH UC 182,Holotype,USA,USA,Junior synonym,
Temnospondyli,Rhachitomi,Stereospondylomorpha,Stereospondyli,N/A,N/A,N/A,N/A,N/A,Stereospondyli,Moenkopisaurus,randalli,Moenkopisaurus randalli,Welles,1947,Welles (1947),UCMP,36189,UCMP 36189,Holotype,USA,USA,Nomen dubium,not to be confused with the type of 'Cyclotosaurus randalli'
Temnospondyli,Rhachitomi,N,N,N/A,Dissorophoidea,Amphibamiformes,N/A,N/A,Amphibamiformes,Montceaubatrachus,platyrynchus,Montceaubatrachus platyrynchus,Werneburg,2019,Werneburg (2019),MHNA,86015,MHNA 86015,Holotype,France,France,Valid,
Temnospondyli,Rhachitomi,N,N,N/A,Dissorophoidea,Olsoniformes,Trematopidae,N/A,Trematopidae,Mordex,calliprepes,Mordex calliprepes,Steen,1938,Steen (1938),NHMUK,R.2817,NHMUK R.2817,Holotype,UK,Czech Republic,Valid,
Temnospondyli,N/A,N/A,N/A,N/A,N/A,N/A,N/A,N/A,N/A,Muchocephalus,muchos,Muchocephalus muchos,Watson,1962,Watson (1962),BP,1/213,BP/1/0579,Holotype,South Africa,South Africa,Junior synonym,
Temnospondyli,N/A,N/A,N/A,N/A,N/A,N/A,N/A,N/A,N/A,Mytaras,macrognathus,Mytaras macrognathus,Steen,1931,Steen (1931),NHMUK,PV R.2657,NHMUK PV R.2657,Holotype,UK,USA,Junior synonym,
Temnospondyli,N,N,N,N/A,N/A,N/A,N/A,N/A,Temnospondyli,Nannospondylus,stewarti,Nannospondylus stewarti,Olson,1965a,Olson (1965a),FMNH,UR 1002,FMNH UC 684,Holotype,USA,USA,Nomen dubium,
Temnospondyli,Rhachitomi,N,N,N/A,Dissorophoidea,Amphibamiformes,N/A,N/A,Amphibamiformes,Nanobamus,macrorhinus,Nanobamus macrorhinus,"Schoch, Milner",2014,"Schoch, Milner (2014)",UCMP,203686,UCMP 203686,Holotype,USA,USA,Valid,formerly UCLA VP 3686
Temnospondyli,Rhachitomi,Stereospondylomorpha,Stereospondyli,N/A,N/A,N/A,Rhytidosteidae,N/A,Rhytidosteidae,Nanolania,anatopretia,Nanolania anatopretia,Yates,2000,Yates (2000),QM,F12293,QM F12293,Holotype,Australia,Australia,Valid,
Temnospondyli,Rhachitomi,Stereospondylomorpha,Stereospondyli,Trematosauria,Trematosauroidea,N/A,N/A,N/A,Trematosauroidea,Negevodus,ramonensis,Negevodus ramonensis,Mazin,1986,Mazin (1986),HUJ,TR2000,HUJ 607,Holotype,Israel,Israel,Valid,
Temnospondyli,Rhachitomi,N,N,Dvinosauria,N/A,N/A,Trimerorhachidae,N/A,Trimerorhachidae,Neldasaurus,wrightae,Neldasaurus wrightae,Chase,1965,Chase (1965),MCZ,2200,MCZ 2200,Holotype,USA,USA,Valid,
Temnospondyli,N,N,N,N/A,Edopoidea,N/A,Cochleosauridae,N/A,Cochleosauridae,Nigerpeton,ricqlesi,Nigerpeton ricqlesi,"Sidor, O'Keefe, Damiani, Steyer, Smith, Larsson, Sereno, Ide, Maga",2005,"Sidor, O'Keefe, Damiani, Steyer, Smith, Larsson, Sereno, Ide, Maga (2005)",MNN,MOR69,MNN MOR69,Holotype,Niger,Niger,Valid,
Temnospondyli,Rhachitomi,Stereospondylomorpha,Stereospondyli,N/A,N/A,N/A,N/A,N/A,Stereospondyli,Ninumbeehan,dookoodukah,Ninumbeehan dookoodukah,"So, Kufner, Pardo, Edwards, Price, Bevitt, LeClar-Diaz, St. Clair, Mann, Teran, Lovelace",2024,"So, Kufner, Pardo, Edwards, Price, Bevitt, LeClar-Diaz, St. Clair, Mann, Teran, Lovelace (2024)",UWGM,7264,UWGM 7264,Holotype,USA,USA,Valid,
Temnospondyli,Rhachitomi,N,N,N/A,Dissorophoidea,Olsoniformes,Dissorophidae,N/A,Dissorophidae,Nooxobeia,gracilis,Nooxobeia gracilis,"Gee, Scott, Reisz",2018,"Gee, Scott, Reisz (2018)",UCMP,203066,UCMP 203066,Holotype,USA,USA,Valid,formerly UCLA VP 3066
Temnospondyli,Rhachitomi,Stereospondylomorpha,Stereospondyli,N/A,Brachyopoidea,N/A,Brachyopidae,N/A,Brachyopidae,Notobrachyops,picketti,Notobrachyops picketti,Cosgriff,1973,Cosgriff (1973),MMF,F.8258,MMF F.8258,Holotype,Australia,Australia,Valid,
Temnospondyli,Rhachitomi,N,N,N/A,Dissorophoidea,N/A,Micromelerpetidae,N/A,Micromelerpetidae,Nyranerpeton,amilneri,Nyranerpeton amilneri,Werneburg,2012,Werneburg (2012),NHMW,1898/X/21,NHMW-1898/X/21,Holotype,Czech Republic,Czech Republic,Valid,
Temnospondyli,Rhachitomi,N,N,N/A,Dissorophoidea,N/A,Micromelerpetidae,N/A,Micromelerpetidae,Nyranerpeton,montceauense,Nyranerpeton montceauense,Werneburg,2019,Werneburg (2019),MHNA,3127,MHNA 3127,Holotype,France,France,Valid,
Temnospondyli,N/A,N/A,N/A,N/A,N/A,N/A,N/A,N/A,N/A,Nyrania,trachystoma,Nyrania trachystoma,Frič,1885b,Frič (1885b),NMP,555,NMP 555,Holotype,Czech Republic,Czech Republic,Junior synonym,
Temnospondyli,Rhachitomi,Stereospondylomorpha,Stereospondyli,Capitosauria,Capitosauroidea,N/A,N/A,N/A,Capitosauroidea,Odenwaldia,heidelbergensis,Odenwaldia heidelbergensis,"Morales, Kamphausen",1984,"Morales, Kamphausen (1984)",GPIH,SMO 1,GPIH ?,Holotype,Germany,Germany,Valid,
Temnospondyli,Rhachitomi,Stereospondylomorpha,Stereospondyli,N/A,N/A,N/A,N/A,N/A,Stereospondyli,Odontosaurus,voltzi,Odontosaurus voltzi,von Meyer,1835,von Meyer (1835),D,5689,D.3417,Holotype,France,France,Nomen dubium,formerly at Strasbourg (destroyed)
Temnospondyli,Rhachitomi,N,N,Eryopiformes,Eryopoidea,N/A,Eryopidae,Eryopinae,Eryopidae,Onchiodon,credneri,Onchiodon credneri,Frič,1901,Frič (1901),NMP,M 632,NMP M 632,Lectotype,Czech Republic,Czech Republic,Valid,
Temnospondyli,Rhachitomi,N,N,Eryopiformes,Eryopoidea,N/A,Eryopidae,Eryopinae,Eryopidae,Onchiodon,labyrinthicus,Onchiodon labyrinthicus,Geinitz,1862,Geinitz (1862),uncertain,uncertain,uncertain,Type (unspecified),uncertain,Germany,Valid,"specimen number and location unknown, probably not diagnostic (single tooth)"
Temnospondyli,Rhachitomi,N,N,Eryopiformes,Eryopoidea,N/A,Eryopidae,Eryopinae,Eryopidae,Onchiodon,langenhani,Onchiodon langenhani,Werneburg,1989a,Werneburg (1989a),NHMS,P 15,NHMS P 15,Holotype,Germany,Germany,Valid,
Temnospondyli,Rhachitomi,N,N,Eryopiformes,Eryopoidea,N/A,Eryopidae,Eryopinae,Eryopidae,Onchiodon,manebachensis,Onchiodon manebachensis,Langenhan,1909,Langenhan (1909),PSUL,404,PSUL 404,Holotype,Germany,Germany,Valid,
Temnospondyli,Rhachitomi,N,N,Eryopiformes,Eryopoidea,N/A,Eryopidae,Eryopinae,Eryopidae,Onchiodon,thuringiensis,Onchiodon thuringiensis,Werneburg,2008,Werneburg (2008),NHMS,WP 2140a-z,NHMS WP 2140a-z,Holotype,Germany,Germany,Valid,
Temnospondyli,Rhachitomi,N,N,Eryopiformes,Eryopoidea,N/A,Eryopidae,Eryopinae,Eryopidae,Osteophorus,roemeri,Osteophorus roemeri,von Meyer,1856,von Meyer (1856),unknown,unknown,unknown,Holotype,unknown,Poland,Valid,holotype lost; cast at ZPUW (Poland)
Temnospondyli,N/A,N/A,N/A,N/A,N/A,N/A,N/A,N/A,N/A,Otocoelus,mimeticus,Otocoelus mimeticus,Cope,1896d,Cope (1896d),AMNH,FARB 4376,AMNH FARB 4343,Holotype,USA,USA,Junior synonym,
Temnospondyli,N/A,N/A,N/A,N/A,N/A,N/A,N/A,N/A,N/A,Otocoelus,testudineus,Otocoelus testudineus,Cope,1896a,Cope (1896a),AMNH,FARB 4343,AMNH FARB 4329,Holotype,USA,USA,Junior synonym,
Temnospondyli,Rhachitomi,Stereospondylomorpha,Stereospondyli,N/A,N/A,N/A,N/A,N/A,Stereospondyli,Otuminisaurus,limensis,Otuminisaurus limensis,Rusconi,1948a,Rusconi (1948a),MCNA,2500,MCNA 2500,Holotype,Argentina,Argentina,Nomen dubium,holotype lost
Temnospondyli,N/A,N/A,N/A,N/A,N/A,N/A,N/A,N/A,N/A,Pachygonia,incurvata,Pachygonia incurvata,Huxley,1865,Huxley (1865),GSI,2257,GSI 2257,Holotype,India,India,Junior synonym,
Temnospondyli,N,N,N,N/A,N/A,N/A,N/A,N/A,Temnospondyli,Palatinerpeton,kraetschmeri,Palatinerpeton kraetschmeri,Boy,1996,Boy (1996),GSI,2257,GSI 2202,Holotype,India,India,Valid,
Temnospondyli,Rhachitomi,N,N,N/A,Dissorophoidea,Olsoniformes,N/A,N/A,Olsoniformes,Palodromeus,bairdi,Palodromeus bairdi,"Schoch, Hook, Henrici",2020,"Schoch, Hook, Henrici (2020)",CM,34608,CM 28590,Holotype,USA,USA,Valid,
Temnospondyli,Rhachitomi,Stereospondylomorpha,Stereospondyli,Trematosauria,Trematosauroidea,N/A,N/A,N/A,Trematosauroidea,Panchetosaurus,panchetensis,Panchetosaurus panchetensis,Tripathi,1969,Tripathi (1969),GSI,17878,GSI 17754,Holotype,India,India,Nomen dubium,
Temnospondyli,Rhachitomi,Stereospondylomorpha,Stereospondyli,Trematosauria,Trematosauroidea,N/A,Metoposauridae,N/A,Metoposauridae,Panthasaurus,maleriensis,Panthasaurus maleriensis,Roychowdhury,1965,Roychowdhury (1965),ISI,A 56,ISI A 56,Holotype,India,India,Valid,
Temnospondyli,Rhachitomi,Stereospondylomorpha,Stereospondyli,Capitosauria,Capitosauroidea,N/A,Paracyclotosauridae,N/A,Paracyclotosauridae,Paracyclotosaurus,davidi,Paracyclotosaurus davidi,Watson,1958,Watson (1958),NHMUK,R.6000,NHMUK R.6000,Holotype,UK,Australia,Valid,
Temnospondyli,Rhachitomi,Stereospondylomorpha,Stereospondyli,Capitosauria,Capitosauroidea,N/A,Paracyclotosauridae,N/A,Paracyclotosauridae,Paracyclotosaurus,morganorum,Paracyclotosaurus morganorum,"Damiani, Hancox",2003,"Damiani, Hancox (2003)",BP,1/5551,BP/1/5359,Holotype,South Africa,South Africa,Valid,
Temnospondyli,Rhachitomi,Stereospondylomorpha,Stereospondyli,N/A,N/A,N/A,Rhinesuchidae,Rhinesuchinae,Rhinesuchidae,Parapytanga,catarinensis,Parapytanga catarinensis,"Strapasson, Pinheiro, Soares",2015,"Strapasson, Pinheiro, Soares (2015)",UFRGS,0355-P,UFRGS-0355-P,Holotype,Brazil,Brazil,Valid,
Temnospondyli,Rhachitomi,N,N,N/A,Dissorophoidea,Olsoniformes,Dissorophidae,N/A,Dissorophidae,Parioxys,bolli,Parioxys bolli,Carroll,1964,Carroll (1964),AMNH,FARB 7118,AMNH FARB 6952,Holotype,USA,USA,Valid,
Temnospondyli,Rhachitomi,N,N,N/A,Dissorophoidea,Olsoniformes,Dissorophidae,Cacopinae,Dissorophidae,Parioxys,ferricolus,Parioxys ferricolus,Cope,1878,Cope (1878),AMNH,FARB 4309,AMNH FARB 4280,Lectotype,USA,USA,Valid,
Temnospondyli,N,N,N,N/A,N/A,N/A,N/A,N/A,Temnospondyli,Parioxys,romeri,Parioxys romeri,Moustafa,1955a,Moustafa (1955a),MCZ,1965,MCZ 1965,Holotype,USA,USA,Nomen dubium,
Temnospondyli,Rhachitomi,Stereospondylomorpha,Stereospondyli,N/A,N/A,N/A,N/A,N/A,Capitosauroidea,Parotosaurus,albertyni,Parotosaurus albertyni,Broom,1904,Broom (1904),SAM-PK,1876,SAM-PK-1876,Holotype,South Africa,South Africa,Nomen dubium,
Temnospondyli,Rhachitomi,Stereospondylomorpha,Stereospondyli,Capitosauria,Capitosauroidea,N/A,N/A,N/A,Capitosauroidea,Parotosaurus,wadei,Parotosaurus wadei,Cosgriff,1972,Cosgriff (1972),AM,F.165,AM F.135895,Holotype,Australia,Australia,Nomen dubium,
Temnospondyli,N/A,N/A,N/A,N/A,N/A,N/A,N/A,N/A,N/A,Parotosuchus,aliciae,Parotosuchus aliciae,"Warren, Hutchinson",1988,"Warren, Hutchinson (1988)",n/a,n/a,n/a,n/a,n/a,n/a,Outdated combination,
Temnospondyli,Rhachitomi,Stereospondylomorpha,Stereospondyli,Capitosauria,Capitosauroidea,N/A,Parotosuchidae,N/A,Parotosuchidae,Parotosuchus,bogdoanus,Parotosuchus bogdoanus,Woodward,1932,Woodward (1932),PIN,2246/1,PIN 2246/1,Holotype,Russia,Russia,Disputed (species),"Russian workers consider this valid, whereas non-Russian workers largely regard it as undiagnostic"
Temnospondyli,N/A,N/A,N/A,N/A,N/A,N/A,N/A,N/A,N/A,Parotosuchus,crookshanki,Parotosuchus crookshanki,"Muhkerjee, Sengupta",1998,"Muhkerjee, Sengupta (1998)",n/a,n/a,n/a,n/a,n/a,n/a,Outdated combination,
Temnospondyli,Rhachitomi,Stereospondylomorpha,Stereospondyli,Capitosauria,Capitosauroidea,N/A,Parotosuchidae,N/A,Parotosuchidae,Parotosuchus,decumanticus,Parotosuchus decumanticus,"Schoch, Moreno",2024,"Schoch, Moreno (2024)",SMNS,91340,SMNS 91340,Holotype,Germany,Germany,Valid,"Russian workers consider this valid, whereas non-Russian workers largely regard it as undiagnostic"
Temnospondyli,N/A,N/A,N/A,N/A,N/A,N/A,N/A,N/A,N/A,Parotosuchus,denwai,Parotosuchus denwai,"Muhkerjee, Sengupta",1998,"Muhkerjee, Sengupta (1998)",n/a,n/a,n/a,n/a,n/a,n/a,Outdated combination,
Temnospondyli,Rhachitomi,Stereospondylomorpha,Stereospondyli,Capitosauria,Capitosauroidea,N/A,Parotosuchidae,N/A,Parotosuchidae,Parotosuchus,dirus,Parotosuchus dirus,Chernin,1978,Chernin (1978),SAM-PK,K434,SAM-PK-K434,Holotype,South Africa,South Africa,Nomen dubium,
Temnospondyli,N/A,N/A,N/A,N/A,N/A,N/A,N/A,N/A,N/A,Parotosuchus,gunganj,Parotosuchus gunganj,Warren,1980,Warren (1980),n/a,n/a,n/a,n/a,n/a,n/a,Outdated combination,
Temnospondyli,Rhachitomi,Stereospondylomorpha,Stereospondyli,Capitosauria,Capitosauroidea,N/A,Parotosuchidae,N/A,Parotosuchidae,Parotosuchus,haughtoni,Parotosuchus haughtoni,"Broili, Schröder",1937,"Broili, Schröder (1937)",BP,1/5673,BP/1/5551,Neotype,South Africa,South Africa,Valid,holotype (BSP 1934 VIII 50) was destroyed in WWII
Temnospondyli,Rhachitomi,Stereospondylomorpha,Stereospondyli,Capitosauria,Capitosauroidea,N/A,Parotosuchidae,N/A,Parotosuchidae,Parotosuchus,helgolandicus,Parotosuchus helgolandicus,Schröder,1913,Schröder (1913),MB,Am841,MB.Am841,Holotype,Germany,Germany,Valid,
Temnospondyli,Rhachitomi,Stereospondylomorpha,Stereospondyli,Capitosauria,Capitosauroidea,N/A,Parotosuchidae,N/A,Parotosuchidae,Parotosuchus,komiensis,Parotosuchus komiensis,Novikov,1986,Novikov (1986),PIN,3361/18,PIN 3361/18,Holotype,Russia,Russia,Valid,
Temnospondyli,N/A,N/A,N/A,N/A,N/A,N/A,N/A,N/A,N/A,Parotosuchus,megarhinus,Parotosuchus megarhinus,"Chernin, Cosgriff",1975,"Chernin, Cosgriff (1975)",n/a,n/a,n/a,n/a,n/a,n/a,Outdated combination,
Temnospondyli,Rhachitomi,Stereospondylomorpha,Stereospondyli,Capitosauria,Capitosauroidea,N/A,Parotosuchidae,N/A,Parotosuchidae,Parotosuchus,nasutus,Parotosuchus nasutus,von Meyer,1858,von Meyer (1858),MB,Am448,MB.Am448,Neotype,Germany,Germany,Valid,data for lectotype; neotype is from Germany and at MB (Germany)
Temnospondyli,Rhachitomi,Stereospondylomorpha,Stereospondyli,Capitosauria,Capitosauroidea,N/A,Parotosuchidae,N/A,Parotosuchidae,Parotosuchus,orenburgensis,Parotosuchus orenburgensis,Konzhukova,1965,Konzhukova (1965),PIN,951/42,PIN 951/42,Holotype,Russia,Russia,Valid,
Temnospondyli,Rhachitomi,Stereospondylomorpha,Stereospondyli,Capitosauria,Capitosauroidea,N/A,Parotosuchidae,N/A,Parotosuchidae,Parotosuchus,orientalis,Parotosuchus orientalis,Ochev,1966,Ochev (1966),PIN,104/222,PIN 104/222,Holotype,Russia,Russia,Valid,
Temnospondyli,Rhachitomi,Stereospondylomorpha,Stereospondyli,Capitosauria,Capitosauroidea,N/A,Parotosuchidae,N/A,Parotosuchidae,Parotosuchus,panteleevi,Parotosuchus panteleevi,Ochev,1966,Ochev (1966),PIN,104/3518,PIN 104/3518,Holotype,Russia,Russia,Disputed (species),
Temnospondyli,Rhachitomi,Stereospondylomorpha,Stereospondyli,Capitosauria,Capitosauroidea,N/A,Parotosuchidae,N/A,Parotosuchidae,Parotosuchus,ptaszynskii,Parotosuchus ptaszynskii,"Sulej, Niedźwiedzki",2013,"Sulej, Niedźwiedzki (2013)",MPT,P 272,MPT.P 272,Holotype,Poland,Poland,Valid,
Temnospondyli,Rhachitomi,Stereospondylomorpha,Stereospondyli,Capitosauria,Capitosauroidea,N/A,Parotosuchidae,N/A,Parotosuchidae,Parotosuchus,sequester,Parotosuchus sequester,"Lozovsky, Shishkin",1974,"Lozovsky, Shishkin (1974)",PIN,3300/1,PIN 3300/1,Holotype,Russia,Kazahkstan,Valid,
Temnospondyli,Rhachitomi,Stereospondylomorpha,Stereospondyli,Capitosauria,Capitosauroidea,N/A,Paratosuchidae,N/A,Paratosuchidae,Parotosuchus,speleus,Parotosuchus speleus,"Shishkin, Sulej",2009,"Shishkin, Sulej (2009)",ZPAL,AbIV/105,ZPAL AbIV/105,Holotype,Poland,Poland,Valid,
Temnospondyli,Rhachitomi,Stereospondylomorpha,Stereospondyli,Capitosauria,Capitosauroidea,N/A,Parotosuchidae,N/A,Parotosuchidae,Parotosuchus,turfanensis,Parotosuchus turfanensis,Young,1966,Young (1966),IVPP,V.3230,IVPP V.3230,Holotype,China,China,Nomen dubium,
Temnospondyli,Rhachitomi,N,N,N/A,Dissorophoidea,Amphibamiformes,Micropholidae,N/A,Micropholidae,Pasawioops,mayi,Pasawioops mayi,"Fröbisch, Reisz",2008,"Fröbisch, Reisz (2008)",OMNH,73019,OMNH 73019,Holotype,USA,USA,Valid,
Temnospondyli,Rhachitomi,Stereospondylomorpha,Stereospondyli,N/A,Brachyopoidea,N/A,Chigutisauridae,N/A,Chigutisauridae,Pelorocephalus,cacheutensis,Pelorocephalus cacheutensis,Rusconi,1953,Rusconi (1953),MCNA,2966,MCNA 2966,Holotype,Argentina,Argentina,Valid,
Temnospondyli,Rhachitomi,Stereospondylomorpha,Stereospondyli,N/A,Brachyopoidea,N/A,Chigutisauridae,N/A,Chigutisauridae,Pelorocephalus,ischigualastensis,Pelorocephalus ischigualastensis,Bonaparte,1975,Bonaparte (1975),MCZ,4299,MCZ 4299,Holotype,USA,Argentina,Valid,
Temnospondyli,Rhachitomi,Stereospondylomorpha,Stereospondyli,N/A,Brachyopoidea,N/A,Chigutisauridae,N/A,Chigutisauridae,Pelorocephalus,mendozensis,Pelorocephalus mendozensis,Cabrera,1944,Cabrera (1944),MLP,44-VII-5-1,MLP 44-VII-5-1,Holotype,Argentina,Argentina,Valid,
Temnospondyli,Rhachitomi,Stereospondylomorpha,Stereospondyli,N/A,Brachyopoidea,N/A,Chigutisauridae,N/A,Chigutisauridae,Pelorocephalus,tenax,Pelorocephalus tenax,Rusconi,1949,Rusconi (1949),MCNA,2752,MCNA 2752,Holotype,Argentina,Argentina,Valid,
Temnospondyli,N/A,N/A,N/A,N/A,N/A,N/A,N/A,N/A,N/A,Pelosaurus,laticeps,Pelosaurus laticeps,Credner,1882,Credner (1882),unknown,unknown,unknown,Type (unspecified),unknown,Germany,Junior synonym,information unknown from literature available to me
Temnospondyli,N/A,N/A,N/A,N/A,N/A,N/A,N/A,N/A,N/A,Pelosaurus,longiscutatus,Pelosaurus longiscutatus,Theobald,1958,Theobald (1958),CIGUS,unknown,CIGUS 271,Holotype,Germany,Germany,Junior synonym,
Temnospondyli,Rhachitomi,Stereospondylomorpha,Stereospondyli,N/A,N/A,N/A,N/A,N/A,Stereospondyli,Peltobatrachus,pustulatus,Peltobatrachus pustulatus,Panchen,1959,Panchen (1959),CAMZM,T.267,CAMZM T.22,Holotype,UK,Tanzania,Valid,
Temnospondyli,Rhachitomi,Stereospondylomorpha,Stereospondyli,N/A,N/A,N/A,Rhytidosteidae,N/A,Rhytidosteidae,Peltostega,erici,Peltostega erici,Wiman,1916,Wiman (1916),PIU,U 24,PIU U 24,Holotype,Sweden,Norway,Valid,
Temnospondyli,N/A,N/A,N/A,N/A,N/A,N/A,N/A,N/A,N/A,Peltostega,wimani,Peltostega wimani,Nilsson,1946,Nilsson (1946),PIU,U.39,PIU U.39,Holotype,Sweden,Norway,Junior synonym,
Temnospondyli,Rhachitomi,N,N,N/A,N/A,N/A,N/A,N/A,Temnospondyli,Perryella,olsoni,Perryella olsoni,Carlson,1987,Carlson (1987),SMM,P82.10.1,SMM P82.10.1,Holotype,USA,USA,Valid,
Temnospondyli,N/A,N/A,N/A,N/A,N/A,N/A,N/A,N/A,N/A,Petrophryne,granulata,Petrophryne granulata,Owen,1876,Owen (1876),NHMUK,R.510,NHMUK R.510,Holotype,UK,South Africa,Junior synonym,
Temnospondyli,Rhachitomi,Stereospondylomorpha,Stereospondyli,N/A,N/A,N/A,N/A,N/A,Stereospondyli,Petrophryne,major,Petrophryne major,Owen,1876,Owen (1876),NHMUK,R.4145,NHMUK R.4145,Holotype,UK,South Africa,Nomen dubium,current location unknown; cast at NHMUK
Temnospondyli,N/A,N/A,N/A,N/A,N/A,N/A,N/A,N/A,N/A,Pfarrwaldia,jeckenbachensis,Pfarrwaldia jeckenbachensis,Krätschmer,2004,Krätschmer (2004),unknown,unknown,unknown,Holotype,Germany,Germany,Junior synonym,same as neotype of S. haeuseri
Temnospondyli,Rhachitomi,N,N,N/A,Dissorophoidea,Olsoniformes,Trematopidae,N/A,Trematopidae,Phonerpeton,pricei,Phonerpeton pricei,Olson,1941,Olson (1941),MCZ,1419,MCZ 1419,Holotype,USA,USA,Valid,
Temnospondyli,Rhachitomi,N,N,N/A,Dissorophoidea,Olsoniformes,Trematopidae,N/A,Trematopidae,Phonerpeton,whitei,Phonerpeton whitei,Olson,1941,Olson (1941),MCZ,1767,MCZ 1767,Holotype,USA,USA,Disputed (species),"differences could be ontogenetic (Gee, 2020)"
Temnospondyli,Rhachitomi,Stereospondylomorpha,Stereospondyli,N/A,N/A,N/A,Rhinesuchidae,N/A,Rhinesuchidae,Phrynosuchus,whaitsi,Phrynosuchus whaitsi,Broom,1913,Broom (1913),SAM-PK,2357,SAM-PK-2357,Holotype,South Africa,South Africa,Nomen dubium,
Temnospondyli,Rhachitomi,N,N,N/A,Dissorophoidea,Amphibamiformes,Branchiosauridae,N/A,Branchiosauridae,Piasimotriton,kochovi,Piasimotriton kochovi,"Werneburg, Schoch",2023,"Werneburg, Schoch (2023)",MHK,72271/2,MHK 72271/2,Holotype,Czech Republic,Czech Republic,Valid,in Werneburg et al. (2023); subset of authors are taxonomic authority
Temnospondyli,Rhachitomi,Stereospondylomorpha,Stereospondyli,N/A,Brachyopoidea,N/A,Plagiosauridae,N/A,Plagiosauridae,Plagiobatrachus,australis,Plagiobatrachus australis,Warren,1985,Warren (1985),QM,F12267,QM F12267,Holotype,Australia,Australia,Valid,
Temnospondyli,Rhachitomi,Stereospondylomorpha,Stereospondyli,N/A,Brachyopoidea,N/A,Plagiosauridae,Plagiosterninae,Plagiosauridae,Plagiorophus,danilovi,Plagiorophus danilovi,Shishkin,1986,Shishkin (1986),PIN,2867/17,PIN 2867/17,Holotype,Russia,Russia,Valid,
Temnospondyli,Rhachitomi,Stereospondylomorpha,Stereospondyli,N/A,Brachyopoidea,N/A,Plagiosauridae,Plagiosterninae,Plagiosauridae,Plagiorophus,paraboliceps,Plagiorophus paraboliceps,Konzhukova,1955,Konzhukova (1955),PIN,415/5,PIN 415/5,Holotype,Russia,Russia,Valid,
Temnospondyli,Rhachitomi,Stereospondylomorpha,Stereospondyli,N/A,Brachyopoidea,N/A,Plagiosauridae,Plagiosaurinae,Plagiosauridae,Plagiosaurus,depressus,Plagiosaurus depressus,Jaekel,1914,Jaekel (1914),MB,Am.619–638,MB.Am.619–638,Holotype,Germany,Germany,Valid,"not entirely clear which specimen is the holotype, as the numbers represent a range of specimens in Schoch & Milner (2014); designations differ from paralectotype usage of Hellrung (2003) for some specimens"
Temnospondyli,N/A,N/A,N/A,N/A,N/A,N/A,N/A,N/A,N/A,Plagiosaurus,striopustulatus,Plagiosaurus striopustulatus,von Huene,1922,von Huene (1922),SMNS,"11424, 55345-55351","SMNS 11424, 55345-55351",Syntypes,Germany,Germany,Junior synonym,
Temnospondyli,Rhachitomi,Stereospondylomorpha,Stereospondyli,N/A,Brachyopoidea,N/A,Plagiosauridae,Plagiosuchinae,Plagiosauridae,Plagioscutum,caspiense,Plagioscutum caspiense,Shishkin,1986,Shishkin (1986),PIN,4121/11,PIN 4121/11,Holotype,Russia,Kazahkstan,Valid,
Temnospondyli,Rhachitomi,Stereospondylomorpha,Stereospondyli,N/A,Brachyopoidea,N/A,Plagiosauridae,Plagiosuchinae,Plagiosauridae,Plagioscutum,ochevi,Plagioscutum ochevi,Shishkin,1986,Shishkin (1986),PIN,2430/80,PIN 2430/80,Holotype,Russia,Russia,Valid,
Temnospondyli,Rhachitomi,Stereospondylomorpha,Stereospondyli,N/A,Brachyopoidea,N/A,Plagiosauridae,Plagiosterninae,Plagiosauridae,Plagiosternum,granulosum,Plagiosternum granulosum,Fraas,1889,Fraas (1889),SMNS,11824,SMNS 11824,Lectotype,Germany,Germany,Valid,
Temnospondyli,N/A,N/A,N/A,N/A,N/A,N/A,N/A,N/A,N/A,Plagiosternum,nanum,Plagiosternum nanum,Schmidt,1931,Schmidt (1931),unknown,unknown,unknown,Holotype,unknown,Germany,Junior synonym,mixed holotype from multiple German localities
Temnospondyli,Rhachitomi,Stereospondylomorpha,Stereospondyli,N/A,Brachyopoidea,N/A,Plagiosauridae,Plagiosuchinae,Plagiosauridae,Plagiosuchus,pustuliferus,Plagiosuchus pustuliferus,Fraas,1896,Fraas (1896),SMNS,55909,SMNS 55909,Lectotype,Germany,Germany,Valid,
Temnospondyli,N/A,N/A,N/A,N/A,N/A,N/A,N/A,N/A,N/A,Plagiosuchus,pustuloglomeratus,Plagiosuchus pustuloglomeratus,von Huene,1922,von Huene (1922),SMNS,11832,SMNS 11832,Lectotype,Germany,Germany,Junior synonym,
Temnospondyli,Rhachitomi,Stereospondylomorpha,Stereospondyli,N/A,Brachyopoidea,N/A,Brachyopidae,N/A,Brachyopidae,Platycepsion,wilkinsoni,Platycepsion wilkinsoni,Stephens,1887,Stephens (1887),MMF,F.12872,MMF F.12872,Holotype,Australia,Australia,Valid,
Temnospondyli,Rhachitomi,N,N,N/A,Dissorophoidea,Olsoniformes,Dissorophidae,Platyhystricinae,Dissorophidae,Platyhystrix,rugosa,Platyhystrix rugosa,Case,1910,Case (1910),AMNH,FARB 4785,AMNH FARB 4756,Holotype,USA,USA,Valid,"wrong gender in original formulation; holotype may be lost (see Gee, 2020)"
Temnospondyli,N/A,N/A,N/A,N/A,N/A,N/A,N/A,N/A,N/A,Platyhystrix,rugosus,Platyhystrix rugosus,,, (),n/a,n/a,n/a,n/a,n/a,n/a,Outdated combination,wrong gender in original formulation
Temnospondyli,Rhachitomi,Stereospondylomorpha,N,N/A,N/A,N/A,Platyoposauridae,N/A,Platyoposauridae,Platyoposaurus,rickardi,Platyoposaurus rickardi,Twelvetrees,1880,Twelvetrees (1880),uncertain,uncertain,uncertain,Type (unspecified),uncertain,Russia,Uncertain,"originally in private collection; location now unknown. It was not diagnosed by Schoch & Milner (2000) and has scarcely been mentioned in the literature since (e.g., Naugolnykh et al., 2022)"
Temnospondyli,Rhachitomi,Stereospondylomorpha,,N/A,N/A,N/A,Platyoposauridae,N/A,Platyoposauridae,Platyoposaurus,stuckenbergi,Platyoposaurus stuckenbergi,Trautschold,1884,Trautschold (1884),PIN,49/1,PIN 49/1,Holotype,Russia,Russia,Valid,
Temnospondyli,Rhachitomi,Stereospondylomorpha,,N/A,N/A,N/A,Platyoposauridae,N/A,Platyoposauridae,Platyoposaurus,vjuschkovi,Platyoposaurus vjuschkovi,Gubin,1991,Gubin (1991),PIN,272/57,PIN 272/57,Holotype,Russia,Russia,Nomen dubium,
Temnospondyli,Rhachitomi,Stereospondylomorpha,,N/A,N/A,N/A,Platyoposauridae,N/A,Platyoposauridae,Platyoposaurus,watsoni,Platyoposaurus watsoni,Efremov,1933,Efremov (1933),PIN,2250/8,PIN 2250/8,Holotype,Russia,Russia,Valid,
Temnospondyli,N/A,N/A,N/A,N/A,N/A,N/A,N/A,N/A,N/A,Platyrhinops,fritschi,Platyrhinops fritschi,Werneburg,2012,Werneburg (2012),n/a,n/a,n/a,n/a,n/a,n/a,Outdated combination,
Temnospondyli,Rhachitomi,N,N,N/A,Dissorophoidea,Amphibamiformes,Amphibamidae,N/A,Amphibamidae,Platyrhinops,lyelli,Platyrhinops lyelli,Wyman,1858,Wyman (1858),AMNH,FARB 6841,AMNH FARB 6837,Holotype,USA,USA,Valid,
Temnospondyli,Rhachitomi,Stereospondylomorpha,Stereospondyli,Trematosauria,Trematosauroidea,N/A,N/A,N/A,Trematosauroidea,Platystega,depressa,Platystega depressa,Wiman,1914b,Wiman (1914b),PIU,U16,PIU U16,Holotype,Sweden,Norway,Valid,
Temnospondyli,N/A,N/A,N/A,N/A,N/A,N/A,N/A,N/A,N/A,Platystegos,loricatum,Platystegos loricatum,Dawson,1895,Dawson (1895),RM,3061-9,RM 3061-9,Lectotype,Canada,Canada,Junior synonym,
Temnospondyli,Rhachitomi,N,N,N/A,Dissorophoidea,Amphibamiformes,N/A,N/A,Amphibamiformes,Plemmyradytes,shintoni,Plemmyradytes shintoni,"Huttenlocker, Pardo, Small",2007,"Huttenlocker, Pardo, Small (2007)",DMNH,49903,DMNH 320-R,Holotype,USA,USA,Valid,
Temnospondyli,N,N,N,N/A,N/A,N/A,N/A,N/A,Temnospondyli,Pleuronoura,pellati,Pleuronoura pellati,Gaudry,1879,Gaudry (1879),unknown,unknown,unknown,Holotype,France?,France,Nomen dubium,held in private collection
Temnospondyli,Rhachitomi,Stereospondylomorpha,Stereospondyli,N/A,N/A,N/A,Rhytidosteidae,N/A,Rhytidosteidae,Pneumatostega,potamia,Pneumatostega potamia,"Cosgriff, Zawiskie",1979,"Cosgriff, Zawiskie (1979)",BP,1/F981,BP 1/F3728,Holotype,South Africa,South Africa,Valid,
Temnospondyli,N,N,N,N/A,N/A,N/A,N/A,N/A,Temnospondyli,Porierpeton,nitens,Porierpeton nitens,Frič,1885b,Frič (1885b),NMP,1015,NMP 1015,Lectotype,Czech Republic,Czech Republic,Nomen dubium,
Temnospondyli,Rhachitomi,Stereospondylomorpha,Stereospondyli,Capitosauria,Capitosauroidea,N/A,Paratosuchidae,N/A,Paratosuchidae,Poryolosuchus,longicornis,Poryolosuchus longicornis,"Novikov, Shishkin",2018,"Novikov, Shishkin (2018)",PIN,4123/13,PIN 4123/13,Holotype,Russia,Russia,Valid,
Temnospondyli,N/A,N/A,N/A,N/A,N/A,N/A,N/A,N/A,N/A,Potamochoston,limnaios,Potamochoston limnaios,Steen,1938,Steen (1938),CGH,271,"CGH 801a, b",Holotype,Czech Republic,Czech Republic,Junior synonym,synonymy not definitive
Temnospondyli,Rhachitomi,Stereospondylomorpha,,N/A,N/A,N/A,Platyoposauridae,N/A,Platyoposauridae,Prionosuchus,plummeri,Prionosuchus plummeri,Price,1948,Price (1948),DGM,320-R,DGM 5689,Holotype,Brazil,Brazil,Valid,
Temnospondyli,N,N,N,N/A,Edopoidea,N/A,Cochleosauridae,N/A,Cochleosauridae,Procochleosaurus,jarrowensis,Procochleosaurus jarrowensis,Sequeira,1996,Sequeira (1996),NHMUK,R.8453,NHMUK R.8453,Holotype,UK,UK,Valid,
Temnospondyli,Rhachitomi,N,N,Dvinosauria,N/A,N/A,Trimerorhachidae,N/A,Trimerorhachidae,Procuhy,nazariensis,Procuhy nazariensis,"Cisneros, Marsicano, Angielczyk, Smith, Richter, Fröbisch, Kammerer, Sadleir",2015,"Cisneros, Marsicano, Angielczyk, Smith, Richter, Fröbisch, Kammerer, Sadleir (2015)",MAP,PV011,MAP PV011,Holotype,Brazil,Brazil,Valid,
Temnospondyli,Rhachitomi,Stereospondylomorpha,Stereospondyli,Capitosauria,Capitosauroidea,N/A,Cyclotosauridae,Heylerosaurinae,Cyclotosauridae,Procyclotosaurus,stantonensis,Procyclotosaurus stantonensis,Woodward,1904,Woodward (1904),NHMUK,R.3174,NHMUK R.3174,Holotype,UK,UK,Valid,
Temnospondyli,Rhachitomi,Stereospondylomorpha,Stereospondyli,Capitosauria,Capitosauroidea,N/A,N/A,N/A,Capitosauroidea,Promastodonsaurus,bellmanni,Promastodonsaurus bellmanni,Bonaparte,1963,Bonaparte (1963),PVL,2092,PVL 2092,Holotype,Argentina,Argentina,Nomen dubium,
Temnospondyli,Rhachitomi,Stereospondylomorpha,Stereospondyli,Trematosauria,Trematosauroidea,N/A,N/A,Thoosuchinae,Trematosauroidea,Prothoosuchus,blomi,Prothoosuchus blomi,Getmanov,1989,Getmanov (1989),PIN,2423/1,PIN 2423/1,Holotype,Russia,Russia,Valid,
Temnospondyli,Rhachitomi,Stereospondylomorpha,Stereospondyli,Trematosauria,Trematosauroidea,N/A,N/A,Thoosuchinae,Trematosauroidea,Prothoosuchus,samariensis,Prothoosuchus samariensis,Getmanov,1989,Getmanov (1989),PIN,3997/1,PIN 3997/1,Holotype,Russia,Russia,Disputed (species),
Temnospondyli,Rhachitomi,Stereospondylomorpha,Stereospondyli,N/A,N/A,N/A,N/A,N/A,Capitosauroidea,Ptychosphenodon,browni,Ptychosphenodon browni,Seeley,1907,Seeley (1907),NHMUK,R.3503,NHMUK R.3503,Holotype,UK,South Africa,Nomen dubium,
Temnospondyli,N/A,N/A,N/A,N/A,N/A,N/A,N/A,N/A,N/A,Putterillia,platyceps,Putterillia platyceps,Broom,1930,Broom (1930),TM,168,TM168,Holotype,South Africa,South Africa,Junior synonym,
Temnospondyli,Rhachitomi,Stereospondylomorpha,Stereospondyli,Trematosauria,Trematosauroidea,N/A,N/A,N/A,Trematosauroidea,Qantas,samarensis,Qantas samarensis,Novikov,2012a,Novikov (2012a),PIN,4419/1,PIN 4419/1,Holotype,Russia,Russia,Valid,
Temnospondyli,Rhachitomi,Stereospondylomorpha,Stereospondyli,Capitosauria,Capitosauroidea,N/A,Cyclotosauridae,Heylerosaurinae,Cyclotosauridae,Quasicyclotosaurus,campi,Quasicyclotosaurus campi,Schoch,2000,Schoch (2000),UCMP,37754,UCMP 37754,Holotype,USA,USA,Valid,
Temnospondyli,Rhachitomi,Stereospondylomorpha,Stereospondyli,N/A,N/A,N/A,Rhinesuchidae,Australerpetinae,Rhinesuchidae,Rastosuchus,hammeri,Rastosuchus hammeri,"Dias, Dias-da-Silva, Schultz",2020,"Dias, Dias-da-Silva, Schultz (2020)",UFRGS,PV 0350-P,UFRGS PV 0350-P,Holotype,Brazil,Brazil,Valid,
Temnospondyli,N/A,N/A,N/A,N/A,N/A,N/A,N/A,N/A,N/A,Raumbachia,compressa,Raumbachia compressa,Krätschmer,2004,Krätschmer (2004),unknown,unknown,unknown,Type (unspecified),Germany,Germany,Junior synonym,information unknown from literature available to me
Temnospondyli,N/A,N/A,N/A,N/A,N/A,N/A,N/A,N/A,N/A,Rehbornia,klauswaldensis,Rehbornia klauswaldensis,Krätschmer,2006,Krätschmer (2006),NHMM,PW-2005/2,NHMM-PW-2005/2,Holotype,Germany,Germany,Junior synonym,
Temnospondyli,Rhachitomi,N,N,N/A,Dissorophoidea,Olsoniformes,Dissorophidae,Cacopinae,Dissorophidae,Reiszerpeton,renascentis,Reiszerpeton renascentis,"Maddin, Fröbisch, Evans, Milner",2013,"Maddin, Fröbisch, Evans, Milner (2013)",MCZ,1911,MCZ 1911,Holotype,USA,USA,Valid,
Temnospondyli,Rhachitomi,Stereospondylomorpha,Stereospondyli,N/A,N/A,N/A,Rhytidosteidae,Derwentiinae,Rhytidosteidae,Rewana,quadricuneata,Rewana quadricuneata,Howie,1972,Howie (1972),QM,F6471,QM F6471,Holotype,Australia,Australia,Valid,
Temnospondyli,N/A,N/A,N/A,N/A,N/A,N/A,N/A,N/A,N/A,Rewanobatrachus,aliciae,Rewanobatrachus aliciae,,2000,"Schoch, Milner",n/a,n/a,n/a,n/a,n/a,n/a,Outdated combination,
Temnospondyli,N/A,N/A,N/A,N/A,N/A,N/A,N/A,N/A,N/A,Rhachitomous,valens,Rhachitomous valens,Cope,1878,Cope (1878),AMNH,FARB 4594,AMNH FARB 4593,Holotype,USA,USA,Junior synonym,
Temnospondyli,Rhachitomi,Stereospondylomorpha,Stereospondyli,Capitosauria,Capitosauroidea,N/A,N/A,N/A,Capitosauroidea,Rhadalognathus,boweni,Rhadalognathus boweni,Welles,1947,Welles (1947),UCMP,36221,UCMP 36221,Holotype,USA,USA,Nomen dubium,
Temnospondyli,Rhachitomi,Stereospondylomorpha,Stereospondyli,N/A,N/A,N/A,Lapillopsidae,N/A,Lapillopsidae,Rhigerpeton,isbelli,Rhigerpeton isbelli,"Gee, Beightol, Sidor",2023,"Gee, Beightol, Sidor (2023)",UWBM,VP 95522,UWBM VP 95522,Holotype,USA,Antarctica,Valid,
Temnospondyli,Rhachitomi,Stereospondylomorpha,Stereospondyli,N/A,N/A,N/A,Rhinesuchidae,Rhinesuchinae,Rhinesuchidae,Rhineceps,nyasaensis,Rhineceps nyasaensis,Haughton,1927,Haughton (1927),SAM-PK,7866,SAM-PK-7866,Holotype,South Africa,Malawi,Valid,split holotype
Temnospondyli,Rhachitomi,Stereospondylomorpha,Stereospondyli,N/A,N/A,N/A,Rhinesuchidae,Australerpetinae,Rhinesuchidae,Rhinesuchoides,tenuiceps,Rhinesuchoides tenuiceps,"Olson, Broom",1937,"Olson, Broom (1937)",FMNH,UC 1519,FMNH UC 1484,Holotype,USA,South Africa,Valid,
Temnospondyli,N/A,N/A,N/A,N/A,N/A,N/A,N/A,N/A,N/A,Rhinesuchus,africanus,Rhinesuchus africanus,Lydekker,1890,Lydekker (1890),n/a,n/a,n/a,n/a,n/a,n/a,Newer combination of a nomen dubium,"Broom reassigned Eryops africanus, ignoring the precedent of 'oweni' as the species"
Temnospondyli,N/A,N/A,N/A,N/A,N/A,N/A,N/A,N/A,N/A,Rhinesuchus,avenanti,Rhinesuchus avenanti,Boonstra,1940,Boonstra (1940),SAM-PK,11489,SAM-PK-11489,Holotype,South Africa,South Africa,Junior synonym,
Temnospondyli,N/A,N/A,N/A,N/A,N/A,N/A,N/A,N/A,N/A,Rhinesuchus,beaufortensis,Rhinesuchus beaufortensis,Boonstra,1940,Boonstra (1940),SAM-PK,3009,SAM-PK-3009,Holotype,South Africa,South Africa,Junior synonym,
Temnospondyli,N/A,N/A,N/A,N/A,N/A,N/A,N/A,N/A,N/A,Rhinesuchus,broomianus,Rhinesuchus broomianus,von Huene,1931,von Huene (1931),GPIT,F.1,"GPIT von Huene, 1931 F.1",Holotype,Germany,South Africa,Junior synonym,
Temnospondyli,Rhachitomi,Stereospondylomorpha,Stereospondyli,N/A,N/A,N/A,Rhinesuchidae,Rhinesuchinae,Rhinesuchidae,Rhinesuchus,capensis,Rhinesuchus capensis,Haughton,1925,Haughton (1925),SAM-PK,7419,SAM-PK-7419,Holotype,South Africa,South Africa,Valid,
Temnospondyli,N/A,N/A,N/A,N/A,N/A,N/A,N/A,N/A,N/A,Rhinesuchus,major,Rhinesuchus major,Broom,1912,Broom (1912),MA,60c 1-1a,MA 60c 1-1a,Holotype,South Africa,South Africa,Junior synonym,
Temnospondyli,N/A,N/A,N/A,N/A,N/A,N/A,N/A,N/A,N/A,Rhinesuchus,rubidgei,Rhinesuchus rubidgei,Broom,1948,Broom (1948),RC,73,RC 73,Holotype,South Africa,South Africa,Junior synonym,
Temnospondyli,Rhachitomi,Stereospondylomorpha,Stereospondyli,N/A,N/A,N/A,Rhinesuchidae,N/A,Rhinesuchidae,Rhinesuchus,wadiai,Rhinesuchus wadiai,Tripathi,1961b,Tripathi (1961b),GSI,18018,GSI 18017,Holotype,India,India,Nomen dubium,
Temnospondyli,Rhachitomi,Stereospondylomorpha,Stereospondyli,N/A,N/A,N/A,Rhinesuchidae,Rhinesuchinae,Rhinesuchidae,Rhinesuchus,whaitsi,Rhinesuchus whaitsi,Broom,1908,Broom (1908),SAM-PK,1212,SAM-PK-1212,Holotype,South Africa,South Africa,Valid,
Temnospondyli,N,N,N,N/A,N/A,N/A,N/A,N/A,Temnospondyli,Rhinesuchus,wolgodvinensis,Rhinesuchus wolgodvinensis,Yakovlev,1923,Yakovlev (1923),PIN,225316-19,PIN 225316-19,Holotype,Russia,Russia,Nomen dubium,current location unknown per Marsicano et al. (2017)
Temnospondyli,Rhachitomi,Stereospondylomorpha,Stereospondyli,N/A,N/A,N/A,Rhytidosteidae,N/A,Rhytidosteidae,Rhytidosteus,capensis,Rhytidosteus capensis,Owen,1884,Owen (1884),NHMUK,R.455,NHMUK R.455,Holotype,UK,South Africa,Valid,
Temnospondyli,Rhachitomi,Stereospondylomorpha,Stereospondyli,N/A,N/A,N/A,Rhytidosteidae,N/A,Rhytidosteidae,Rhytidosteus,uralensis,Rhytidosteus uralensis,Shishkin,1994,Shishkin (1994),PIN,2394/17,PIN 2394/17,Holotype,Russia,Russia,Disputed (species),
Temnospondyli,Rhachitomi,Stereospondylomorpha,Stereospondyli,N/A,N/A,N/A,Latiscopidae,N/A,Latiscopidae,Rileymillerus,cosgriffi,Rileymillerus cosgriffi,"Bolt, Chatterjee",2000,"Bolt, Chatterjee (2000)",TMM,31025-182,TMM 31025-182,Holotype,USA,USA,Valid,
Temnospondyli,Rhachitomi,N,N,N/A,Dissorophoidea,Olsoniformes,Trematopidae,N/A,Trematopidae,Rotaryus,gothae,Rotaryus gothae,"Berman, Henrici, Martens, Sumida, Anderson",2011,"Berman, Henrici, Martens, Sumida, Anderson (2011)",MNG,10182,MNG 10182,Holotype,Germany,Germany,Valid,
Temnospondyli,Rhachitomi,Stereospondylomorpha,Stereospondyli,N/A,N/A,N/A,Lapillopsidae,N/A,Lapillopsidae,Rotaurisaurus,contundo,Rotaurisaurus contundo,Yates,1999,Yates (1999),UTGD,87795,UTGD 87795,Holotype,Australia,Australia,Valid,
Temnospondyli,Rhachitomi,N,N,N/A,Dissorophoidea,Amphibamiformes,N/A,N/A,Amphibamiformes,Rubeostratilia,texensis,Rubeostratilia texensis,"Bourget, Anderson",2011,"Bourget, Anderson (2011)",FMNH,PR 1460,FMNH 1308,Holotype,USA,USA,Valid,
Temnospondyli,N,N,N,N/A,N/A,N/A,N/A,N/A,Temnospondyli,Saharastega,moradiensis,Saharastega moradiensis,"Sidor, O'Keefe, Damiani, Steyer, Smith, Larsson, Sereno, Ide, Maga",2005,"Sidor, O'Keefe, Damiani, Steyer, Smith, Larsson, Sereno, Ide, Maga (2005)",MNN,MOR73,MNN MOR73,Holotype,Niger,Niger,Valid,
Temnospondyli,N/A,N/A,N/A,N/A,N/A,N/A,N/A,N/A,N/A,Salamandrella,petrolei,Salamandrella petrolei,Gaudry,1875,Gaudry (1875),unknown,unknown,unknown,Type (unspecified),unknown,France,Junior synonym,possibly in MNHN or may be lost; other information unknown from literature available to me
Temnospondyli,Rhachitomi,Stereospondylomorpha,Stereospondyli,Capitosauria,Capitosauroidea,N/A,Wetlugasauridae,Selenocarinae,Wetlugasauridae,Samarabatrachus,bjerringi,Samarabatrachus bjerringi,Novikov,2016,Novikov (2016),PIN,2426/16,PIN 2426/16,Holotype,Russia,Russia,Valid,
Temnospondyli,Rhachitomi,Stereospondylomorpha,Stereospondyli,N/A,N/A,N/A,Rhytidosteidae,N/A,Rhytidosteidae,Sangaia,lavinai,Sangaia lavinai,"Dias-da-Silva, Marsicano, Schultz",2006,"Dias-da-Silva, Marsicano, Schultz (2006)",UMVT,4032,UMVT 4032,Holotype,Brazil,Brazil,Valid,
Temnospondyli,N/A,N/A,N/A,N/A,N/A,N/A,N/A,N/A,N/A,Sauropleura,latithorax,Sauropleura latithorax,Cope,1897,Cope (1897),USNM,4471,USNM 4471,Holotype,USA,USA,Junior synonym,
Temnospondyli,Rhachitomi,N,N,N/A,Dissorophoidea,Olsoniformes,Dissorophidae,Cacopinae,Dissorophidae,Scapanops,neglectus,Scapanops neglectus,"Schoch, Sues",2013,"Schoch, Sues (2013)",MCZ,2369,MCZ 2369,Holotype,USA,USA,Valid,
Temnospondyli,Rhachitomi,N,N,N/A,Dissorophoidea,Amphibamiformes,Branchiosauridae,Leptorophinae,Branchiosauridae,Schoenfelderpeton,prescheri,Schoenfelderpeton prescheri,Boy,1986,Boy (1986),MMG,"PZ-38, 38a","MMG PZ-38, 38a",Holotype,Germany,Germany,Valid,
Temnospondyli,Rhachitomi,Stereospondylomorpha,,N/A,N/A,N/A,Sclerocephalidae,N/A,Sclerocephalidae,Sclerocephalus,bavaricus,Sclerocephalus bavaricus,Ammon,1889,Ammon (1889),MB,Am.442,MB.Am.442,Holotype,Germany,Germany,Valid,
Temnospondyli,Rhachitomi,Stereospondylomorpha,,N/A,N/A,N/A,Sclerocephalidae,N/A,Sclerocephalidae,Sclerocephalus,concordiae,Sclerocephalus concordiae,"Schoch, Sobral",2021,"Schoch, Sobral (2021)",GZG,V 7998,GZG 8672,Holotype,Germany,Germany,Valid,
Temnospondyli,Rhachitomi,Stereospondylomorpha,N,N/A,N/A,N/A,Sclerocephalidae,N/A,Sclerocephalidae,Sclerocephalus,credneri,Sclerocephalus credneri,Frič,1901,Frič (1901),NMP,M632,NMP M632,Holotype,Czech Republic,Czech Republic,Uncertain,Schoch & Witzmann (2009) noted that it lacks apomorphies of Sclerocephalus and may be closer to eryopoids like Onchiodon
Temnospondyli,Rhachitomi,Stereospondylomorpha,,N/A,N/A,N/A,Sclerocephalidae,N/A,Sclerocephalidae,Sclerocephalus,haeuseri,Sclerocephalus haeuseri,Goldfuß,1847,Goldfuß (1847),GPIM,N 1203,GPIM-SMO 1,Neotype,Germany,Germany,Valid,
Temnospondyli,N/A,N/A,N/A,N/A,N/A,N/A,N/A,N/A,N/A,Sclerocephalus,häuseri,Sclerocephalus häuseri,Meyer,1858,Meyer (1858),n/a,n/a,n/a,n/a,n/a,n/a,Outdated spelling of species name,
Temnospondyli,Rhachitomi,Stereospondylomorpha,,N/A,N/A,N/A,Sclerocephalidae,N/A,Sclerocephalidae,Sclerocephalus,jogischneideri,Sclerocephalus jogischneideri,Werneburg,1992,Werneburg (1992),FG,321/1/29,FG 600,Holotype,Germany,Germany,Valid,
Temnospondyli,N/A,N/A,N/A,N/A,N/A,N/A,N/A,N/A,N/A,Sclerocephalus,latirostris,Sclerocephalus latirostris,Boy,1987,Boy (1987),n/a,n/a,n/a,n/a,n/a,n/a,Outdated combination,
Temnospondyli,Rhachitomi,Stereospondylomorpha,,N/A,N/A,N/A,Sclerocephalidae,N/A,Sclerocephalidae,Sclerocephalus,nobilis,Sclerocephalus nobilis,"Schoch, Witzmann",2009a,"Schoch, Witzmann (2009a)",NHMM,PW-2005/2,NHMM-PW-2005/2,Holotype,Germany,Germany,Valid,
Temnospondyli,Rhachitomi,Stereospondylomorpha,,N/A,N/A,N/A,Sclerocephalidae,N/A,Sclerocephalidae,Sclerocephalus,stambergi,Sclerocephalus stambergi,"Klembara, Steyer",2012,"Klembara, Steyer (2012)",MHK,"81460/1, 2","MHK 81460/1, 2",Holotype,Czech Republic,Czech Republic,Valid,
Temnospondyli,Rhachitomi,Stereospondylomorpha,Stereospondyli,Capitosauria,Capitosauroidea,N/A,Sclerothoracidae,N/A,Sclerothoracidae,Sclerothorax,hypselonotus,Sclerothorax hypselonotus,von Huene,1932,von Huene (1932),HLD-V,607,HLD-V uncatalogued,Lectotype,Germany,Germany,Valid,
Temnospondyli,Rhachitomi,Stereospondylomorpha,Stereospondyli,Capitosauria,Capitosauroidea,N/A,Wetlugasauridae,Selenocarinae,Wetlugasauridae,Selenocara,groenlandica,Selenocara groenlandica,Säve-Söderbergh,1935,Säve-Söderbergh (1935),MGUH,VP 3339,MGUH VP 3339,Holotype,Denmark,Greenland,Valid,"genus disputed, species valid (alternatively placed in Wetlugasuarus)"
Temnospondyli,Rhachitomi,Stereospondylomorpha,Stereospondyli,Capitosauria,Capitosauroidea,N/A,Wetlugasauridae,Selenocarinae,Wetlugasauridae,Selenocara,rossica,Selenocara rossica,Novikov,2016,Novikov (2016),PIN,5496/6,PIN 5496/6,Holotype,Russia,Russia,Valid,"genus disputed, species valid"
Temnospondyli,Rhachitomi,Stereospondylomorpha,Stereospondyli,N/A,Brachyopoidea,N/A,Chigutisauridae,N/A,Chigutisauridae,Siderops,kehli,Siderops kehli,"Warren, Hutchinson",1983,"Warren, Hutchinson (1983)",QM,F7882,QM F7882,Holotype,Australia,Australia,Valid,
Temnospondyli,Rhachitomi,Stereospondylomorpha,Stereospondyli,N/A,Brachyopoidea,N/A,Brachyopidae,N/A,Brachyopidae,Sinobrachyops,planticephalus,Sinobrachyops planticephalus,Dong,1985,Dong (1985),ZDM,1,ZDM 1,Holotype,China,China,Valid,
Temnospondyli,Rhachitomi,N,N,Dvinosauria,Dvinosauroidea,N/A,Tupilakosauridae,N/A,Tupilakosauridae,Slaugenhopia,texensis,Slaugenhopia texensis,Olson,1962,Olson (1962),FMNH,UR 702,FMNH UR 431,Holotype,USA,USA,Valid,
Temnospondyli,N,N,N,N/A,N/A,N/A,N/A,N/A,Temnospondyli,Sparagmites,lacertinus,Sparagmites lacertinus,Frič,1885a,Frič (1885a),NHMUK,R.1450,NHMUK R.1450,Holotype,UK,Czech Republic,Nomen dubium,
Temnospondyli,Rhachitomi,Stereospondylomorpha,Stereospondyli,Capitosauria,Capitosauroidea,N/A,Paracyclotosauridae,N/A,Paracyclotosauridae,Stanocephalosaurus,amenasensis,Stanocephalosaurus amenasensis,"Dahoumane, Nedjari, Aït-Ouali, Taquet, Vacant, Steyer",2016,"Dahoumane, Nedjari, Aït-Ouali, Taquet, Vacant, Steyer (2016)",ZAR,3,3,Holotype,Algeria,Algeria,Valid,
Temnospondyli,Rhachitomi,Stereospondylomorpha,Stereospondyli,Capitosauria,Capitosauroidea,N/A,Paracyclotosauridae,N/A,Paracyclotosauridae,Stanocephalosaurus,birdi,Stanocephalosaurus birdi,Brown,1933,Brown (1933),AMNH,FARB 3029,AMNH FARB 2933,Holotype,USA,USA,Valid,part/counterpart with UCMP 36058
Temnospondyli,Rhachitomi,Stereospondylomorpha,Stereospondyli,Capitosauria,Capitosauroidea,N/A,Paracyclotosauridae,N/A,Paracyclotosauridae,Stanocephalosaurus,crookshanki,Stanocephalosaurus crookshanki,"Mukherjee, Sengupta",1998,"Mukherjee, Sengupta (1998)",ISI,A 55,ISI A 55,Holotype,India,India,Valid,
Temnospondyli,Rhachitomi,Stereospondylomorpha,Stereospondyli,Capitosauria,Capitosauroidea,N/A,Paracyclotosauridae,N/A,Paracyclotosauridae,Stanocephalosaurus,lapparenti,Stanocephalosaurus lapparenti,Lehman,1971,Lehman (1971),MNHN,"A, B","MNHN A, B",Syntypes,France,Algeria,Valid,
Temnospondyli,Rhachitomi,Stereospondylomorpha,Stereospondyli,Capitosauria,Capitosauroidea,N/A,Paracyclotosauridae,N/A,Paracyclotosauridae,Stanocephalosaurus,pronus,Stanocephalosaurus pronus,Howie,1970,Howie (1970),CAMZM,T.288,CAMZM T.267,Holotype,UK,Tanzania,Valid,
Temnospondyli,Rhachitomi,Stereospondylomorpha,Stereospondyli,Capitosauria,Capitosauroidea,N/A,Paracyclotosauridae,N/A,Paracyclotosauridae,Stanocephalosaurus,rajareddyi,Stanocephalosaurus rajareddyi,Roychowdhury,1970,Roychowdhury (1970),ISI,A 18,ISI A 18,Holotype,India,India,Valid,
Temnospondyli,Rhachitomi,N,N,N/A,N/A,N/A,N/A,N/A,Temnospondyli,Stegops,newberryi,Stegops newberryi,Cope,1875,Cope (1875),AMNH,"FARB 6914, 6956",AMNH FARB 6841,Holotype,USA,USA,Valid,
Temnospondyli,Rhachitomi,N,N,Eryopiformes,Eryopoidea,N/A,Eryopidae,Eryopinae,Eryopidae,Stenokranio,boldi,Stenokranio boldi,"Werneburg, Witzmann, Rinehart, Fischer, Voigt",2024,"Werneburg, Witzmann, Rinehart, Fischer, Voigt (2024)",NHMM,PW-2019/5025,NHMM PW-2019/5025,Holotype,Germany,Germany,Valid,
Temnospondyli,N/A,N/A,N/A,N/A,N/A,N/A,N/A,N/A,N/A,Stenotosaurus,gracilis,Stenotosaurus gracilis,Kamphausen,1983,Kamphausen (1983),Private collection,uncatalogued,Private collection uncatalogued,Holotype,Germany,Germany,Junior synonym,
Temnospondyli,Rhachitomi,Stereospondylomorpha,Stereospondyli,Capitosauria,Capitosauroidea,N/A,Cyclotosauridae,Stenotosaurinae,Cyclotosauridae,Stenotosaurus,semiclausus,Stenotosaurus semiclausus,Swinton,1927,Swinton (1927),NHMUK,"R.5276, R.5277","NHMUK R.5276, R.5277",Syntypes,UK,Germany,Valid,
Temnospondyli,Rhachitomi,Stereospondylomorpha,Stereospondyli,Trematosauria,Trematosauroidea,N/A,N/A,N/A,Trematosauroidea,Stoschiosaurus,nielseni,Stoschiosaurus nielseni,Säve-Söderbergh,1935,Säve-Söderbergh (1935),MGUH,At.6,MGUH At.6,Holotype,Denmark,Greenland,Valid,
Temnospondyli,Rhachitomi,Stereospondylomorpha,Stereospondyli,Capitosauria,Capitosauroidea,N/A,N/A,N/A,Capitosauroidea,Subcyclotosaurus,brookvalensis,Subcyclotosaurus brookvalensis,Watson,1958,Watson (1958),AM,F.47499,AM F.165,Holotype,Australia,Australia,Nomen dubium,
Temnospondyli,Rhachitomi,Stereospondylomorpha,Stereospondyli,N/A,N/A,N/A,N/A,N/A,Stereospondyli,Superstogyrinus,ultimus,Superstogyrinus ultimus,Ishing,1987,Ishing (1987),IVPP,V8073 a-d,IVPP V8073 a-d,Holotype,China,China,Nomen dubium,
Temnospondyli,Rhachitomi,N,N,N/A,N/A,N/A,Eryopidae,Eryopidae,Rhachitomi,Syndyodosuchus,tetricus,Syndyodosuchus tetricus,Konzhukova,1956,Konzhukova (1956),PIN,570/40,PIN 570/40,Holotype,Russia,Russia,Valid,
Temnospondyli,Rhachitomi,Stereospondylomorpha,Stereospondyli,N/A,N/A,N/A,N/A,N/A,Stereospondyli,Syphonodon,thecomastodon,Syphonodon thecomastodon,Seeley,1908,Seeley (1908),NHMUK,R.3609,NHMUK R.3609,Holotype,UK,South Africa,Nomen dubium,
Temnospondyli,Rhachitomi,Stereospondylomorpha,Stereospondyli,Trematosauria,Trematosauroidea,N/A,Benthosuchidae,Syrtosuchinae,Benthosuchidae,Syrtosuchus,morkovini,Syrtosuchus morkovini,Novikov,2016,Novikov (2016),PIN,4513/36,PIN 4513/36,Holotype,Russia,Russia,Valid,originally Wetlugasaurus samarensis of Sennikov (1981)
Temnospondyli,Rhachitomi,Stereospondylomorpha,Stereospondyli,Trematosauria,Trematosauroidea,N/A,Benthosuchidae,Syrtosuchinae,Benthosuchidae,Syrtosuchus,samarensis,Syrtosuchus samarensis,Novikov,2016,Novikov (2016),PIN,4627/1,PIN 4627/1,Holotype,Russia,Russia,Valid,
Temnospondyli,Rhachitomi,N,N,N/A,Dissorophoidea,Olsoniformes,Trematopidae,N/A,Trematopidae,Tambachia,trogallas,Tambachia trogallas,"Sumida, Berman, Martens",1998,"Sumida, Berman, Martens (1998)",MNG,7722,MNG 7722,Holotype,Germany,Germany,Valid,
Temnospondyli,Rhachitomi,Stereospondylomorpha,Stereospondyli,Capitosauria,Capitosauroidea,N/A,Cyclotosauridae,Tatrasuchinae,Cyclotosauridae,Tatrasuchus,kulczyckii,Tatrasuchus kulczyckii,"Maryańska, Shishkin",1996,"Maryańska, Shishkin (1996)",MZ,VIII Va6,MZ VIII Va6,Holotype,Poland,Poland,Valid,
Temnospondyli,Rhachitomi,Stereospondylomorpha,Stereospondyli,Capitosauria,Capitosauroidea,N/A,Cyclotosauridae,Tatrasuchinae,Cyclotosauridae,Tatrasuchus,wildi,Tatrasuchus wildi,Schoch,1997a,Schoch (1997a),SMNS,54670,SMNS 54670,Holotype,Germany,Germany,Valid,
Temnospondyli,Rhachitomi,N,N,N/A,Dissorophoidea,Amphibamiformes,Micropholidae,N/A,Micropholidae,Tersomius,dolesensis,Tersomius dolesensis,"Anderson, Bolt",2013,"Anderson, Bolt (2013)",OMNH,73509,OMNH 73509,Holotype,USA,USA,Valid,"number has been previously published for a trematopid (Maddin et al., 2010)"
Temnospondyli,Rhachitomi,N,N,N/A,Dissorophoidea,Amphibamiformes,Micropholidae,N/A,Micropholidae,Tersomius,mosesi,Tersomius mosesi,Olson,1970b,Olson (1970b),FMNH,UR 1214,FMNH UR 1004,Holotype,USA,USA,Valid,
Temnospondyli,Rhachitomi,N,N,N/A,Dissorophoidea,Amphibamiformes,Micropholidae,N/A,Micropholidae,Tersomius,texensis,Tersomius texensis,Case,1910,Case (1910),AMNH,FARB 4719,AMNH FARB 4594,Holotype,USA,USA,Valid,
Temnospondyli,Rhachitomi,Stereospondylomorpha,Stereospondyli,Trematosauria,Trematosauroidea,N/A,Trematosauridae,Lonchorhynchinae,Trematosauridae,Tertrema,acuta,Tertrema acuta,Wiman,1914b,Wiman (1914b),PIU,U17,PIU U17,Holotype,Sweden,Norway,Valid,
Temnospondyli,Rhachitomi,Stereospondylomorpha,Stereospondyli,Trematosauria,Trematosauroidea,N/A,N/A,N/A,Trematosauroidea,Tertremoides,ambilobensis,Tertremoides ambilobensis,Lehman,1979,Lehman (1979),MNHN,MAE3040a-c,MNHN MAE3040a-c,Holotype,France,Madagascar,Nomen dubium,
Temnospondyli,Rhachitomi,Stereospondylomorpha,Stereospondyli,Trematosauria,Trematosauroidea,N/A,N/A,N/A,Trematosauroidea,Tertremoides,madagascariensis,Tertremoides madagascariensis,Lehman,1966,Lehman (1966),MNHN,MAE 3039,MNHN MAE 3039,Holotype,France,Madagascar,Nomen dubium,
Temnospondyli,Rhachitomi,N,N,Dvinosauria,Dvinosauroidea,N/A,Tupilakosauridae,N/A,Tupilakosauridae,Thabanchuia,oomie,Thabanchuia oomie,Warren,1998,Warren (1998),UCMP,42780,UCMP 42780,Holotype,USA,South Africa,Valid,
Temnospondyli,Rhachitomi,Stereospondylomorpha,Stereospondyli,Trematosauria,Trematosauroidea,N/A,N/A,Thoosuchinae,Trematosauroidea,Thoosuchus,abbasovi,Thoosuchus abbasovi,Novikov,2021,Novikov (2021),PIN,4362/24,PIN 4362/24,Holotype,Russia,Russia,Valid,
Temnospondyli,N/A,N/A,N/A,N/A,N/A,N/A,N/A,N/A,N/A,Thoosuchus,acutirostris,Thoosuchus acutirostris,"Hartmann-Weinberg, Kuz'min",1936,"Hartmann-Weinberg, Kuz'min (1936)",CNIGR,2169/1,CNIGR 2169/1,Holotype,Russia,Russia,Junior synonym,private collection
Temnospondyli,N/A,N/A,N/A,N/A,N/A,N/A,N/A,N/A,N/A,Thoosuchus,tardus,Thoosuchus tardus,Getmanov,1989,Getmanov (1989),PIN,4000/1,PIN 4000/1,Holotype,Russia,Russia,Junior synonym,
Temnospondyli,Rhachitomi,Stereospondylomorpha,Stereospondyli,Trematosauria,Trematosauroidea,N/A,N/A,Thoosuchinae,Trematosauroidea,Thoosuchus,tuberculatus,Thoosuchus tuberculatus,Getmanov,1989,Getmanov (1989),PIN,4197/1,PIN 4197/1,Holotype,Russia,Russia,Disputed (species),
Temnospondyli,Rhachitomi,Stereospondylomorpha,Stereospondyli,Trematosauria,Trematosauroidea,N/A,N/A,Thoosuchinae,Trematosauroidea,Thoosuchus,yakovlevi,Thoosuchus yakovlevi,Riabinin,1927,Riabinin (1927),CNIGR,2169/1,CNIGR 10969,Holotype,Russia,Russia,Valid,
Temnospondyli,Rhachitomi,N,N,Dvinosauria,Dvinosauroidea,N/A,N/A,N/A,Dvinosauroidea,Timonya,anneae,Timonya anneae,"Cisneros, Marsicano, Angielczyk, Smith, Richter, Fröbisch, Kammerer, Sadleir",2015,"Cisneros, Marsicano, Angielczyk, Smith, Richter, Fröbisch, Kammerer, Sadleir (2015)",MAP,PV001,MAP PV001,Holotype,Brazil,Brazil,Valid,
Temnospondyli,Rhachitomi,Stereospondylomorpha,Stereospondyli,Trematosauria,Trematosauroidea,N/A,N/A,N/A,Trematosauroidea,Tirraturhinus,smisseni,Tirraturhinus smisseni,"Nield, Damiani, Warren",2006,"Nield, Damiani, Warren (2006)",QM,F44093,QM F44093,Holotype,Australia,Australia,Valid,
Temnospondyli,Rhachitomi,Stereospondylomorpha,Stereospondyli,Capitosauria,Capitosauroidea,N/A,N/A,N/A,Capitosauroidea,Tomeia,witecki,Tomeia witecki,"Eltink, Stock Da-Rosa, Dias-da-Silva",2016,"Eltink, Stock Da-Rosa, Dias-da-Silva (2016)",UFSM,11408,UFSM 11408,Holotype,Brazil,Brazil,Valid,
Temnospondyli,Rhachitomi,Stereospondylomorpha,Stereospondyli,Trematosauria,Trematosauroidea,N/A,N/A,N/A,Trematosauroidea,Trematolestes,hagdorni,Trematolestes hagdorni,Schoch,2006,Schoch (2006),SMNS,81790,SMNS 81790,Holotype,Germany,Germany,Valid,
Temnospondyli,N/A,N/A,N/A,N/A,N/A,N/A,N/A,N/A,N/A,Trematops,milleri,Trematops milleri,Williston,1909,Williston (1909),FMNH,UC 640,FMNH UC 448,Holotype,USA,USA,Junior synonym,
Temnospondyli,N/A,N/A,N/A,N/A,N/A,N/A,N/A,N/A,N/A,Trematops,stonei,Trematops stonei,Olson,1970a,Olson (1970a),CMNH,10969,CMNH 8542,Holotype,USA,USA,Junior synonym,
Temnospondyli,N/A,N/A,N/A,N/A,N/A,N/A,N/A,N/A,N/A,Trematops,thomasi,Trematops thomasi,Mehl,1926,Mehl (1926),OUSM,2-1-S37,OUSM 2-1-S37,Holotype,USA,USA,Junior synonym,
Temnospondyli,N/A,N/A,N/A,N/A,N/A,N/A,N/A,N/A,N/A,Trematops,willistoni,Trematops willistoni,Olson,1941,Olson (1941),FMNH,UC 1484,FMNH UC 1205,Holotype,USA,USA,Junior synonym,
Temnospondyli,N/A,N/A,N/A,N/A,N/A,N/A,N/A,N/A,N/A,Trematopsis,seltini,Trematopsis seltini,Olson,1956b,Olson (1956b),FMNH,UR 279,FMNH UR 267,Holotype,USA,USA,Junior synonym,"Milner (1985) appended a 'cf.' designation to the synonymy with C. aspidephorus, which was the only species of Cacops at the time; there are no actual diagnostic features of this particular species"
Temnospondyli,Rhachitomi,Stereospondylomorpha,Stereospondyli,Trematosauria,Trematosauroidea,N/A,Trematosauridae,Trematosaurinae,Trematosauridae,Trematosaurus,brauni,Trematosaurus brauni,Burmeister,1849,Burmeister (1849),Braun collection,?,Braun collection 1/5790,Syntypes,unknown,Germany,Valid,"syntypes missing, originally in German private collection"
Temnospondyli,N/A,N/A,N/A,N/A,N/A,N/A,N/A,N/A,N/A,Trematosaurus,fuchsi,Trematosaurus fuchsi,Seidlitz,1917,Seidlitz (1917),UJ,?,UJ ?,Holotype,Germany,Germany,Junior synonym,current location unknown
Temnospondyli,Rhachitomi,Stereospondylomorpha,Stereospondyli,Trematosauria,Trematosauroidea,N/A,Trematosauridae,Trematosaurinae,Trematosauroidea,Trematosaurus,galae,Trematosaurus galae,Novikov,2010,Novikov (2010),PIN,1043/774,PIN 1043/774,Holotype,Russia,Russia,Valid,
Temnospondyli,Rhachitomi,Stereospondylomorpha,Stereospondyli,Trematosauria,Trematosauroidea,N/A,Trematosauridae,Trematosaurinae,Trematosauridae,Trematosaurus,thuringiensis,Trematosaurus thuringiensis,Werneburg,1993b,Werneburg (1993b),MB,Am.943/1,MB.Am.943/1,Holotype,Germany,Germany,Valid,
Temnospondyli,Rhachitomi,Stereospondylomorpha,Stereospondyli,Trematosauria,Trematosauroidea,N/A,N/A,N/A,Trematosauroidea,Trematosuchoides,africanus,Trematosuchoides africanus,Novikov,2012a,Novikov (2012a),NMQR,3263A,NMQR 3263A,Holotype,South Africa,South Africa,Valid,
Temnospondyli,Rhachitomi,Stereospondylomorpha,Stereospondyli,Trematosauria,Trematosauroidea,N/A,Trematosauridae,Trematosaurinae,Trematosauridae,Trematosuchus,sobeyi,Trematosuchus sobeyi,Haughton,1915,Haughton (1915),SAM-PK,2779,SAM-PK-2779,Holotype,South Africa,South Africa,Valid,
Temnospondyli,Rhachitomi,Stereospondylomorpha,Stereospondyli,Trematosauria,Trematosauroidea,N/A,N/A,Thoosuchinae,Trematosauroidea,Trematotegmen,otschevi,Trematotegmen otschevi,Getmanov,1982,Getmanov (1982),PIN,1599/2,PIN 1599/2,Holotype,Russia,Russia,Valid,
Temnospondyli,Rhachitomi,Stereospondylomorpha,Stereospondyli,N/A,N/A,N/A,N/A,N/A,Stereospondyli,Trigonosternum,latum,Trigonosternum latum,Schmidt,1931,Schmidt (1931),UJ,?,UJ ?,Holotype,Germany,Germany,Nomen dubium,formerly at UJ (destroyed)
Temnospondyli,N/A,N/A,N/A,N/A,N/A,N/A,N/A,N/A,N/A,Trimerorhachis,alleni,Trimerorhachis alleni,Case,1910,Case (1910),AMNH,FARB 4577,AMNH FARB 4569,Holotype,USA,USA,Junior synonym,
Temnospondyli,N/A,N/A,N/A,N/A,N/A,N/A,N/A,N/A,N/A,Trimerorhachis,bilobatis,Trimerorhachis bilobatis,Cope,1883,Cope (1883),AMNH,FARB 4562,AMNH FARB 4556,Holotype,USA,USA,Junior synonym,
Temnospondyli,N/A,N/A,N/A,N/A,N/A,N/A,N/A,N/A,N/A,Trimerorhachis,conangulus,Trimerorhachis conangulus,Cope,1896d,Cope (1896d),AMNH,FARB 4569,AMNH FARB 4568,Holotype,USA,USA,Junior synonym,
Temnospondyli,Rhachitomi,N,N,Dvinosauria,N/A,N/A,Trimerorhachidae,N/A,Trimerorhachidae,Trimerorhachis,greggi,Trimerorhachis greggi,"Milner, Schoch",2013,"Milner, Schoch (2013)",USNM,409692,USNM 409692,Holotype,USA,USA,Valid,
Temnospondyli,Rhachitomi,N,N,Dvinosauria,N/A,N/A,Trimerorhachidae,N/A,Trimerorhachidae,Trimerorhachis,insignis,Trimerorhachis insignis,Cope,1878,Cope (1878),AMNH,FARB 4565,AMNH FARB 4562,Holotype,USA,USA,Valid,
Temnospondyli,N/A,N/A,N/A,N/A,N/A,N/A,N/A,N/A,N/A,Trimerorhachis,medius,Trimerorhachis medius,Broom,1913,Broom (1913),AMNH,FARB 4895,AMNH FARB 4864,Holotype,USA,USA,Junior synonym,
Temnospondyli,Rhachitomi,N,N,Dvinosauria,N/A,N/A,Trimerorhachidae,N/A,Trimerorhachidae,Trimerorhachis,mesops,Trimerorhachis mesops,Cope,1896c,Cope (1896c),AMNH,FARB 4568,AMNH FARB 4565,Holotype,USA,USA,Valid,
Temnospondyli,Rhachitomi,N,N,Dvinosauria,N/A,N/A,Trimerorhachidae,N/A,Trimerorhachidae,Trimerorhachis,rogersi,Trimerorhachis rogersi,Olson,1955,Olson (1955),FMNH,UR 138,FMNH UR 1214,Holotype,USA,USA,Valid,
Temnospondyli,Rhachitomi,N,N,Dvinosauria,N/A,N/A,Trimerorhachidae,N/A,Trimerorhachidae,Trimerorhachis,sandovalensis,Trimerorhachis sandovalensis,"Berman, Reisz",1980,"Berman, Reisz (1980)",CM,38025,CM 34608,Holotype,USA,USA,Valid,
Temnospondyli,Rhachitomi,Stereospondylomorpha,Stereospondyli,N/A,N/A,N/A,Rhytidosteidae,N/A,Rhytidosteidae,Trucheosaurus,major,Trucheosaurus major,Woodward,1909,Woodward (1909),MMF,12697a,MMF 12697a,Holotype,Australia,Australia,Valid,split holotype
Temnospondyli,Rhachitomi,N,N,Dvinosauria,N/A,N/A,Trimerorhachidae,N/A,Trimerorhachidae,Trypanognathus,remigiusbergensis,Trypanognathus remigiusbergensis,"Schoch, Voigt",2019,"Schoch, Voigt (2019)",UGKU,2394,UGKU 2394,Holotype,Germany,Germany,Valid,
Temnospondyli,Rhachitomi,Stereospondylomorpha,N,N/A,N/A,N/A,N/A,N/A,Stereospondylomorpha,Tryphosuchus,kinelensis,Tryphosuchus kinelensis,Vjushkov,1955,Vjushkov (1955),PIN,272/52,PIN 272/52,Holotype,Russia,Russia,Valid,
Temnospondyli,Rhachitomi,Stereospondylomorpha,N,N/A,N/A,N/A,N/A,N/A,Stereospondylomorpha,Tryphosuchus,paucidens,Tryphosuchus paucidens,Konzhukova,1955,Konzhukova (1955),PIN,157/107,PIN 157/107,Lectotype,Russia,Russia,Valid,
Temnospondyli,N/A,N/A,N/A,N/A,N/A,N/A,N/A,N/A,N/A,Tuditanus,minimus,Tuditanus minimus,Moodie,1909a,Moodie (1909a),USNM,4555,USNM 4555,Holotype,USA,USA,Junior synonym,
Temnospondyli,N/A,N/A,N/A,N/A,N/A,N/A,N/A,N/A,N/A,Tuditanus,mordax,Tuditanus mordax,Cope,1874,Cope (1874),AMNH,FARB 2566,AMNH multiple,Holotype,USA,USA,Junior synonym,
Temnospondyli,N/A,N/A,N/A,N/A,N/A,N/A,N/A,N/A,N/A,Tuditanus,sculptilis,Tuditanus sculptilis,Moodie,1909a,Moodie (1909a),FMNH,UR 267,FMNH UR 138,Holotype,USA,USA,Junior synonym,
Temnospondyli,N/A,N/A,N/A,N/A,N/A,N/A,N/A,N/A,N/A,Tuditanus,tabulatus,Tuditanus tabulatus,Cope,1877,Cope (1877),AMNH,FARB 6837,AMNH FARB 6834,Holotype,USA,USA,Junior synonym,
Temnospondyli,N/A,N/A,N/A,N/A,N/A,N/A,N/A,N/A,N/A,Tuditanus,walcotti,Tuditanus walcotti,Moodie,1909b,Moodie (1909b),USNM,4474,USNM 4474,Holotype,USA,USA,Junior synonym,
Temnospondyli,Rhachitomi,N,N,N/A,Dissorophoidea,Amphibamiformes,Branchiosauridae,N/A,Branchiosauridae,Tungussogyrinus,bergi,Tungussogyrinus bergi,Efremov,1939,Efremov (1939),PIN,"206/1a, b","PIN 206/1a, b",Holotype,Russia,Russia,Valid,part/counterpart with 1a being lost
Temnospondyli,Rhachitomi,N,N,Dvinosauria,Dvinosauroidea,N/A,Tupilakosauridae,N/A,Tupilakosauridae,Tupilakosaurus,heilmani,Tupilakosaurus heilmani,Nielsen,1954,Nielsen (1954),MGUH,VP3328,MGUH VP3328,Holotype,Denmark,Greenland,Valid,
Temnospondyli,Rhachitomi,N,N,Dvinosauria,Dvinosauroidea,N/A,Tupilakosauridae,N/A,Tupilakosauridae,Tupilakosaurus,wetlugensis,Tupilakosaurus wetlugensis,Shishkin,1961,Shishkin (1961),PIN,1025/1,PIN 1025/1,Holotype,Russia,Russia,Valid,
Temnospondyli,Rhachitomi,Stereospondylomorpha,N,N/A,N/A,N/A,N/A,N/A,Stereospondylomorpha,Uralosuchus,tverdochlebovae,Uralosuchus tverdochlebovae,Gubin,1993,Gubin (1993),PIN,4405/1,PIN 4405/1,Holotype,Russia,Russia,Uncertain,"It was not diagnosed by Schoch & Milner (2000) and has scarcely been mentioned in the literature since (e.g., Pacheco et al., 2017)"
Temnospondyli,Rhachitomi,Stereospondylomorpha,Stereospondyli,N/A,N/A,N/A,Rhinesuchidae,N/A,Rhinesuchidae,Uranocentrodon,madagascarensis,Uranocentrodon madagascarensis,Ochev,1966,Ochev (1966),MNHN,1909.3,MNHN 1909.3,Holotype,France,Madagascar,Nomen dubium,
Temnospondyli,Rhachitomi,Stereospondylomorpha,Stereospondyli,N/A,N/A,N/A,Rhinesuchidae,Rhinesuchinae,Rhinesuchidae,Uranocentrodon,senekalensis,Uranocentrodon senekalensis,van Hoepen,1917,van Hoepen (1917),TM,"75, 75d, 75h","TM 75, 75d, 75h",Holotype,South Africa,South Africa,Valid,
Temnospondyli,Rhachitomi,Stereospondylomorpha,Stereospondyli,N/A,N/A,N/A,N/A,N/A,Stereospondyli,Uruyiella,liminea,Uruyiella liminea,"Piñeiro, Marsicano, Lorenz",2007c,"Piñeiro, Marsicano, Lorenz (2007c)",FC-DPV,1598,FC-DPV 1369,Holotype,Uruguay,Uruguay,Valid,
Temnospondyli,Rhachitomi,Stereospondylomorpha,Stereospondyli,N/A,Brachyopoidea,N/A,Brachyopidae,N/A,Brachyopidae,Vanastega,plurimidens,Vanastega plurimidens,"Damiani, Kitching",2003,"Damiani, Kitching (2003)",BP,1/4004,BP/1/214,Holotype,South Africa,South Africa,Valid,
Temnospondyli,Rhachitomi,Stereospondylomorpha,Stereospondyli,N/A,Brachyopoidea,N/A,Brachyopidae,N/A,Brachyopidae,Vigilius,wellesi,Vigilius wellesi,"Warren, Marsicano",2000,"Warren, Marsicano (2000)",UCMP,36199,UCMP 36199,Holotype,USA,USA,Valid,
Temnospondyli,Rhachitomi,Stereospondylomorpha,Stereospondyli,Trematosauria,Trematosauroidea,N/A,N/A,N/A,Trematosauroidea,Vladlenosaurus,alexeyevi,Vladlenosaurus alexeyevi,"Morkovin, Novikov",2000,"Morkovin, Novikov (2000)",PIN,4831/10,PIN 4831/10,Holotype,Russia,Russia,Valid,
Temnospondyli,Rhachitomi,Stereospondylomorpha,Stereospondyli,Trematosauria,Trematosauroidea,N/A,Benthosuchidae,N/A,Benthosuchidae,Vyborosaurus,mirus,Vyborosaurus mirus,Novikov,1990,Novikov (1990),PIN,3360/9,PIN 3360/9,Holotype,Russia,Russia,Valid,
Temnospondyli,Rhachitomi,Stereospondylomorpha,Stereospondyli,Trematosauria,Trematosauroidea,N/A,Trematosauridae,Lonchorhynchinae,Trematosauridae,Wantzosaurus,elongatus,Wantzosaurus elongatus,Lehman,1961,Lehman (1961),MNHN,MAE3030,MNHN MAE3030,Holotype,France,Madagascar,Valid,holotype figured without number
Temnospondyli,Rhachitomi,Stereospondylomorpha,Stereospondyli,Capitosauria,Capitosauroidea,N/A,,,Capitosauroidea,Warrenisuchus,aliciae,Warrenisuchus aliciae,"Warren, Hutchinson",1988a,"Warren, Hutchinson (1988a)",QM,F12282,QM F12282,Holotype,Australia,Australia,Disputed (genus),
Temnospondyli,N/A,N/A,N/A,N/A,N/A,N/A,N/A,N/A,N/A,Watsonisuchus,aliciae,Watsonisuchus aliciae,,,,n/a,n/a,n/a,n/a,n/a,n/a,Outdated combination,
Temnospondyli,Rhachitomi,Stereospondylomorpha,Stereospondyli,Capitosauria,Capitosauroidea,N/A,N/A,N/A,Capitosauroidea,Watsonisuchus,gunganj,Watsonisuchus gunganj,Warren,1980,Warren (1980),QM,F.60227,QM F.60227,Holotype,Australia,Australia,Valid,
Temnospondyli,Rhachitomi,Stereospondylomorpha,Stereospondyli,Capitosauria,Capitosauroidea,N/A,N/A,N/A,Capitosauroidea,Watsonisuchus,magnus,Watsonisuchus magnus,Ochev,1966,Ochev (1966),CAMZM,T.173,CAMZM T.16,Holotype,UK,South Africa,Valid,previously DMSW B.122
Temnospondyli,Rhachitomi,Stereospondylomorpha,Stereospondyli,Capitosauria,Capitosauroidea,N/A,N/A,N/A,Capitosauroidea,Watsonisuchus,rewanensis,Watsonisuchus rewanensis,Warren,1980,Warren (1980),QM,F.6571,QM F.6571,Holotype,Australia,Australia,Valid,
Temnospondyli,N/A,N/A,N/A,N/A,N/A,N/A,N/A,N/A,N/A,Weissia,bavarica,Weissia bavarica,Branco,1847,Branco (1847),n/a,n/a,n/a,n/a,n/a,n/a,Outdated combination,
Temnospondyli,Rhachitomi,Stereospondylomorpha,Stereospondyli,Capitosauria,Capitosauroidea,N/A,N/A,N/A,Capitosauroidea,Wellesaurus,bussoni,Wellesaurus bussoni,Lehman,1971,Lehman (1971),MNHN,30,MNHN ZAR 30,Holotype,France,Algeria,Nomen dubium,
Temnospondyli,Rhachitomi,Stereospondylomorpha,Stereospondyli,Capitosauria,Capitosauroidea,N/A,,,Capitosauroidea,Wellesaurus,peabodyi,Wellesaurus peabodyi,"Welles, Cosgriff",1965,"Welles, Cosgriff (1965)",UCMP,36058,UCMP 36058,Holotype,USA,USA,"Disputed (genus, species)",sometimes considered synonymous with Stanocephalosaurus birdi 
Temnospondyli,Rhachitomi,Stereospondylomorpha,Stereospondyli,Capitosauria,Capitosauroidea,N/A,Wetlugasauridae,Wetlugasaurinae,Wetlugasauridae,Wetlugasaurus,angustifrons,Wetlugasaurus angustifrons,Riabinin,1930,Riabinin (1930),CNIGR,3417,CNIGR 332/1,Holotype,Russia,Russia,Valid,
Temnospondyli,N/A,N/A,N/A,N/A,N/A,N/A,N/A,N/A,N/A,Wetlugasaurus,cornutus,Wetlugasaurus cornutus,Efremov,1940,Efremov (1940),PIN,155/2,PIN 155/2,Holotype,Russia,Russia,Junior synonym,
Temnospondyli,N/A,N/A,N/A,N/A,N/A,N/A,N/A,N/A,N/A,Wetlugasaurus,kalajevi,Wetlugasaurus kalajevi,Kuz'min,1937,Kuz'min (1937),PIN,155/11,PIN 155/11,Holotype,Russia,Russia,Junior synonym,
Temnospondyli,N/A,N/A,N/A,N/A,N/A,N/A,N/A,N/A,N/A,Wetlugasaurus,kzilsajensis,Wetlugasaurus kzilsajensis,Ochev,1966,Ochev (1966),SGU,104/75,SGU 104/75,Holotype,Russia,Russia,Junior synonym,
Temnospondyli,Rhachitomi,Stereospondylomorpha,Stereospondyli,Capitosauria,Capitosauroidea,N/A,Wetlugasauridae,Wetlugasaurinae,Wetlugasauridae,Wetlugasaurus,malachovi,Wetlugasaurus malachovi,Novikov,1990,Novikov (1990),PIN,4333/1,PIN 4333/1,Holotype,Russia,Russia,Valid,
Temnospondyli,N/A,N/A,N/A,N/A,N/A,N/A,N/A,N/A,N/A,Wetlugasaurus,milloti,Wetlugasaurus milloti,Lehman,1961,Lehman (1961),MNHN,MAE 3002,MNHN MAE 3002,Holotype,France,Madagascar,Junior synonym,
Temnospondyli,N/A,N/A,N/A,N/A,N/A,N/A,N/A,N/A,N/A,Wetlugasaurus,samarensis,Wetlugasaurus samarensis,Sennikov,1981,Sennikov (1981),PIN,1277/1,PIN 1277/1,Holotype,Russia,Russia,Outdated combination,
Temnospondyli,Rhachitomi,Stereospondylomorpha,Stereospondyli,Capitosauria,Capitosauroidea,N/A,Wetlugasauridae,Wetlugasaurinae,Wetlugasauridae,Wetlugasaurus,vjatkensis,Wetlugasaurus vjatkensis,Gubin,1987,Gubin (1987),CNIGR,332/1,CNIGR 2169/1,Holotype,Russia,Russia,Valid,
Temnospondyli,N/A,N/A,N/A,N/A,N/A,N/A,N/A,N/A,N/A,Wetlugasaurus,volgensis,Wetlugasaurus volgensis,"Hartmann-Weinberg, Kuz'min",1936,"Hartmann-Weinberg, Kuz'min (1936)",PIN,155/60,PIN 155/60,Holotype,Russia,Russia,Junior synonym,
Temnospondyli,Rhachitomi,Stereospondylomorpha,Stereospondyli,N/A,Brachyopoidea,N/A,Brachyopidae,N/A,Brachyopidae,Xenobrachyops,allos,Xenobrachyops allos,Howie,1972,Howie (1972),QM,F.6572,QM F.6572,Holotype,Australia,Australia,Valid,
Temnospondyli,Rhachitomi,Stereospondylomorpha,Stereospondyli,Capitosauria,Capitosauroidea,N/A,Capitosauridae,N/A,Capitosauridae,Xenotosuchus,africanus,Xenotosuchus africanus,"Morales, Shishkin",2002,"Morales, Shishkin (2002)",SAM-PK,2360,SAM-PK-2360,Holotype,South Africa,South Africa,Valid,
Temnospondyli,Rhachitomi,N,N,N/A,Dissorophoidea,Amphibamiformes,Branchiosauridae,N/A,Branchiosauridae,Xerodromeus,gracilis,Xerodromeus gracilis,Credner,1881,Credner (1881),LFUG-SS,13612 + 13613,LFUG-SS 13612 + 13613,Lectotype,Germany,Germany,Valid,"formerly SCD-S 756, 769"
Temnospondyli,N/A,N/A,N/A,N/A,N/A,N/A,N/A,N/A,N/A,Xestorrhytias,perrini,Xestorrhytias perrini,von Meyer,1855,von Meyer (1855),MNHN,R.165,MNHN R.165,Holotype,France,France,Junior synonym,
Temnospondyli,Rhachitomi,Stereospondylomorpha,Stereospondyli,Trematosauria,Trematosauroidea,N/A,Benthosuchidae,N/A,Benthosuchidae,Yarengia,perplexa,Yarengia perplexa,Shishkin,1960b,Shishkin (1960b),PIN,1584/5,PIN 1584/5,Holotype,Russia,Russia,Valid,
Temnospondyli,Rhachitomi,Stereospondylomorpha,Stereospondyli,Capitosauria,Capitosauroidea,N/A,N/A,N/A,Capitosauroidea,Yuanansuchus,laticeps,Yuanansuchus laticeps,"Liu, Wang",2005,"Liu, Wang (2005)",IVPP,V 13463,IVPP V 13463,Holotype,China,China,Valid,
Temnospondyli,Rhachitomi,Stereospondylomorpha,Stereospondyli,Capitosauria,Capitosauroidea,N/A,N/A,N/A,Capitosauroidea,Yuanansuchus,maopingchangensis,Yuanansuchus maopingchangensis,Liu,2016,Liu (2016),IVPP,V 22628,IVPP V 22628,Holotype,China,China,Valid,
Temnospondyli,N,N,N,N/A,N/A,N/A,N/A,N/A,Temnospondyli,Zatrachys,conchigerus,Zatrachys conchigerus,Cope,1896c,Cope (1896c),AMNH,FARB 4590,AMNH FARB 4589,Holotype,USA,USA,Nomen dubium,
Temnospondyli,Rhachitomi,N,N,N/A,N/A,N/A,Zatracheidae,N/A,Zatracheidae,Zatrachys,serratus,Zatrachys serratus,Cope,1878,Cope (1878),AMNH,FARB 4589,AMNH FARB 4586,Neotype,USA,USA,Valid,
Temnospondyli,Rhachitomi,N,N,N/A,Dissorophoidea,Olsoniformes,Dissorophidae,Cacopinae,Dissorophidae,Zygosaurus,lucius,Zygosaurus lucius,Eichwald,1848,Eichwald (1848),unknown,unknown,unknown,Holotype,unknown,Russia,Valid,"holotype lost, no specimen number given by Eichwald (1848); cast at MB (Germany)"
